CALLER,n
abdelnabi|daniel,386
ackerman|robert,125
adame|mariana,135
admete|abegael,4
adury|lalitha,140
aguilera|manuel,16
ahmad|samar,234
alcorn|stephonn,36
alexander|jonathan,90
alfonso|lalfonso,257
amatos|michael,64
amin|bhavesh,11
amin|faisal,182
amos|michaela,167
anderson|wendy,26
andersongunia|kimberly,2
angel|mark,13
anglim|jeffrey,4
aqueche|victor,19
armstrong|blake,31
armstrong|gregory,21
ashe|nicole,15
ashworth|heather,1
askins|michael,107
austin|kyle,26
austin|natalie,19
baez alayon|coqui,7
baez|coqui,2
baez|oscar,48
bailey|drew,1
bailey|kevin,7
baker|brooke,1
ballen|kevin,2393
bamberg|jarvis,24
banner|jennifer,12
bargzie|nasrina,1
barnett|gabriel,63
barrett|james,5
barringer|jody,1
barshalom|avital,4
barto|kelly,10
barton|joseph,1
baxley|richard,4
bayless|allyson,7
bean|timothy,6
beasley|miguel,7
beatty|juliagrace,15
bedregal|sierra,44
belkind|yael,108
bell|jennifer,7
bell|scott,15
bender|kimberly,286
berger|andrew,96
bernstein|cynthia,112
bhattacharya|megha,34
bialek|brent,1
bille|john,5
billings|susanna,24
black|samuel,26
blanton|ashley,66
bobbsemple|rickford,1
bohnsack|robert,1
boland|amira,200
bolds|donna,10
bonavina|sandra,67
bosarge|jennifer,25
botello|john,56
bowman|susan,135
bracken|james,21
brammer|joshua,37
brann|khanya,139
branson|michael,11
brant|alex,12
braun|steven,6
bray|james,6
brigham|karen,1
bristol|hannah,374
brockbank|amanda,193
brooks|ashley,66
brown|blake,155
brown|debra,13
brown|elizabeth,298
brown|jeffrey,1
browne|martin,147
bruce|david,1
bryan|steffi,45
bucci|anthony,153
buenrostroavila|daisy,86
bullock|alexander,9
burgess|sarena,5
burgessgregg|mary,1159
burnett|darren,112
burnham|catherine,519
burton|groslyn,324
burton|john,7
butash|charlotte,35
butler|grace,42
butler|hannah,283
butler|nicole,5706
byers|jasmine,117
byon|fiona,43
byrd|robert,22
cahill|jeffrey,4
callanan|gregory,30
campana|iran,9
carabello|danaujzia,33
caracappa|richard,4
carmichael|taiwo,13
carpenter|kevin,22
carrasquillo|juan,169
carroll|james,8
carson|hosea,2
carter|beth,1
casillas|bonnie,38
cassingham|grant,24
castaneda|trisha,94
castillo|hazel,194
castro|stephanie,128
chadha|arvind,12
challacombe|megan,10
chapman|john,72
charlesworth|amber,51
chase|cynthia,68
chasez|stephanie,42
chicarella|nicole,1
chiu|rachel,97
cho|david,1
chon|hari,443
christian|margaret,77
clark|kenyatta,33
clarke|keziah,85
clausen|matthew,5
clemente|michael,24
coari|sean,181
cobb|demetria,26
coblentz|clint,1
cole|caroline,19
cole|dion,3
cole|katie,1740
coleman|donna,1118
colton|amelia,493
comerford|cristeta,6
compton|nicole,114
condon|jason,30
conrad|samantha,82
cooper|charles,15
corbisiero|courtney,28
costello|john,480
courtney|dewey,6
cox|anita,2
cravaritis|george,9
crawford|holli,12
creasap|terry,1
cremisio|justin,20
crittendon|trevor,31
crocker|nancy,3
crowley|james,1
croxton|lauren,113
curtin|edna,1
dahn|ryan,13
dalmyra|dalmyra,2
daniels|willie,8
danskybari|dominique,3
daphnis|kristy,28
darcangelo|nicole,1
davenport|joanne,6
davida|gabriella,1903
davin|meredith,208
davis|jovanna,364
davis|nikki,1
dean|matthew,36
dearmond|tom,5
deforest|michael,206
delcoco|michael,7
demers|kaitlyn,4
deming|sasha,853
denaro|paul,33
dennis|laurence,3
dennis|william,3
dennison|ryan,65
desch|rachel,131
dickson|joshua,57
dien|peter,459
dietrich|anna,775
dinsmore|kurt,26
dirksen|ward,754
doiron|jessica,95
donatelli|angela,1
donilon|sarah,671
dornbush|robert,168
dorsey|rykia,3
dortch|darnell,1
douglas|gardner,2
doxtater|harold,31
driscoll|angela,33
droege|philip,21
duarte|nabil,9
dubin|susan,2
dublin|carlos,7
duncan|ryan,188
duran|manuelita,500
edgerton|darius,530
egeradgent|karla,3
eisemann|sara,431
eng|emily,52
epperson|dawn,52
epstein|diana,1
erickson|aaron,19
estrada|edgar,47
evans|beatrix,3
everette|chelsea,41
fabina|lauren,41
fama|jocelyn,3
fanning|robert,8
fasano|nicole,766
feagans|emily,9
feldman|iris,42
feldmann|sarah,7
fichter|stephen,10
figueroa|marilis,36
figueroa|richard,263
finkelstein|jordan,187
finnegan|sean,5
finney|amanda,366
finney|darrius,24
fischietto|mary,18
fitzgerald|brandan,29
fitzpatrick|kelsey,27
fleming|david,6
fletcher|mark,12
fleurence|rachael,2
foksinski|jeffrey,8
forni|nicholas,2
forrester|dwight,49
fowler|scott,1
franco|anthony,3
franklin|christopher,15
fredell|michael,74
freeland|devontae,4
freeman|michael,5
fricchione|katherine,7
fromstein|charles,77
fuka|jennifer,2
fuldauer|maxwell,18
funk|kenneth,10
gaines|deshara,41
gainey|victoria,45
galvin|patrick,34
gandy|michael,1
gao|jenny,7
garcia|juan,16
garner|asjia,176
garufi|marc,2
gelfond|jaclyn,297
gendron|anna,16
gensmer|linda,310
gerwin|mikaela,2
geyer|thomas,40
ghaffarian|hedieh,2
giammarella|alyssa,27
gilmore|james,5
giltner|kelly,25
gingrich|mary,294
gins|david,140
glisson|holly,1
goddard|connor,134
gohlke|doris,9
goldensohn|charles,50
goldstein|jeffrey,16
gonsalves|harold,2
gonzalez|alejandra,1030
gonzalez|juan,16
gonzalez|noe,500
good|andrew,132
goodhue|kevin,331
gray|wendy,15
grebin|jay,1
greco|philip,23
greenspan|shelley,93
griffin|saharra,126
grisham|william,14
grossnicklaus|aron,33
groum|matthew,708
grove|ashley,286
guy|penny,1
ha|robert,503
hall|gregory,72
hallisey|william,35
halton|gary,18
hamlett|lisa,26
hammerschmidt|eric,38
haney|dale,4
hansen|anna,112
hansen|lance,56
harley|nicole,185
harnly|marie,45
harrington|timothy,2
harris|katherine,73
hart|elizabeth,113
hart|rio,391
hart|roderick,214
hart|susan,25
harvey|sydney,84
hatcher|lindsey,8
haugh|allen,110
hayashismith|donna,11
hayes|steven,3
hectorbruder|felicity,4
henagan|william,40
henderson|andrew,30
hennessey|millicent,32
henry|amanda,25
henry|dayrone,68
hepler|amy,7
hickey|michael,7
hill|matthew,17
hill|walter,32
himesmull|chirstopher,1
hines|jason,15
ho|christiana,16
hochman|michael,199
holbrook|brian,2
hooks|zoraya,53
hoover|lee,1
horn|justin,476
horncastle|storm,1070
horton|michael,119
hourani|christopher,37
hudgins|kathy,14
hughes|carmen,59
hunt|lorraine,53
infurchia|anthony,18
isen|thomas,1156
jackson|jenifer,4
jacob|oliver,162
jaeger|kyle,2
james|ian,121
jenkins|carol,38
jenkins|louis,2
jermstad|jarrod,4
johnson|candace,5572
johnson|jeremiah,20
johnson|jesse,45
johnson|michelle,29
johnson|venus,1369
johnston|kenneth,28
jones|denise,166
jones|haley,362
jones|jennifer,2
jones|lisa,92
joseph|tresa,704
joyce|lauren,479
joyce|morgan,499
joyce|shannon,2
juarez|gianna,424
kalina|coleen,21
katz|adam,1
keeffe|catherine,4
keller|isabel,4
kelsey|susan,1
kendall|phillip,27
kern|julie,98
kerrigan|charles,31
kerrigan|william,44
khan|puneet,1327
kientzle|caroline,898
kikukawa|michael,13
kim|joseph,34
kim|rachael,73
king jr|peter,3
kletzien|christopher,38
knight|eva,1985
kolakowski|vincent,150
krakowiak|jimmy,34
krupkin|kendall,164
kuck|jeffrey,4
kuseski|ryan,10
kwak|grace,170
labitzky|andre,32
lamb|kenon,65
lamm|garrett,4
lang|kimberly,541
langner|emily,15
larance|marc,475
larsen|peter,28
latinis|shawna,18
laws|audra,7
leach|francisco,1
lebowitz|david,5
lee|george,7
lee|janice,17820
lee|renee,321
leighton|zachary,5
leiserson|nicholas,488
lemieux|ryan,1
leon|bryan,6
levy|christian,66
lewis|jaensen,15
lewis|joyce,5
lewis|michael,34
lewis|sheila,19
li|joy,357
lightfoot|lena,12
lilac|kristina,29
liljenwall|emily,52
lillis|stephen,2
lin|austin,38
lindblad|william,7
lindenzweig|carl,4
linder|jerad,13
lindsey|steve,38
little|james,96
liu|patricia,177
locke|dwayne,89
longley|matthew,16
lopez|cameron,21
lopez|jose,15
lowden|michael,13
lowe|faith,33
lowe|rebecca,8
lozano|anna,1
lucas|adrienne,2
lundegren|rissa,18
macklin|marina,952
maddox|steven,73
madsen|cassandra,4
majumder|bianca,79
maley|christian,15
mao|yue,20
marconi|claudia,290
markham|gordon,3
martin|robert,18
martinez|jose,6
martinez|phillip,1
mathes|catherine,266
mauss|craig,19
may|david,19
may|joshua,61
mazzeo|louis,12
mcbean|jessica,19
mccall|sharon,40
mccarron|jayna,4
mccarthy|colin,9
mccarthy|john,128
mccormick|daniel,69
mccrary|jeremy,21
mccubbin|gary,8
mcdonald|katrina,38
mcfall|kelli,704
mcgloin|william,26
mcintee|william,365
mcintosh|william,9
mckay|caroline,23
mckinney|shaylah,6
mclaurin|juschelle,703
mcmillan|terrence,22
mcmullan|miles,28
mcnair|douglas,1
mcqueen|bryanna,2
mctear|shanice,77
mcwilliams|johnny,22
medina|ghil,4
megna|jason,52
mellul|ian,11
meloski|caitlin,415
mensah|francis,13
menzelos|arianna,87
micallef|adam,3
michel|thomas,156
mielke|dawn,286
miller|katherine,194
miller|nina,1804
milliken|bradley,17
millones|danielle,420
mills|gionelly,3122
mills|morgan,108
mirelesbeuze|analia,85
miretti|christopher,4
mitchell|tate,97
mittelstaedt|oliver,133
molina|jennifer,179
montoya|jordan,8
moon|carrie,38
moore|brianne,3
moore|lucy,3
morgan|amber,501
moritsugu|erika,7
morris|angela,20
morris|john,12
morrison|celestrea,210
morrison|susan,7
muggelberg|daniel,1
mulugheta|niyat,29
murphy|lindsay,2
murphy|stacy,54
murray|john,10
murray|kimberley,19
nadeem|alea,658
napue|simone,61
naranjo|anthony,38
naranjo|carlos,5
narayanan|divya,49
naulin|melissa,8
nee|christian,17
nelson|david,1196
nelson|kimberly,2
newman|anthony,1
newmanrogers|sheila,5
newton|david,706
neyman|bethany,187
nguyen|nhung,1
nightengale|corey,86
noble|nickcola,36
nolan|james,4
nordman|michelle,8
nurnberg|david,10
nurthen|john,1
office|pass,22
ogan|daniel,17
okane|matthew,78
oneal|devin,1
ortega|juan,165
ortiz|onissa,387
ortiz|patricia,18
ostazeski|paul,4
ostermiller|jared,4
ou|howard,132
outman|kevin,6
owens|robert,1
pachecoortiz|jose,14
packer|megan,162
page|nia,874
paje|joseph,3
palermo|rachel,76
palmer|jacqlene,184
pangelinan|jacqueline,19
panigrahi|shreeya,478
parent|lashawn,18
parra|breanna,100
parsons|nathan,778
paska|steven,1
pasquantino|john,13
pastore|matthew,12
patchin|ana,629
pate|brian,18
pathak|krishna,157
pauls|michael,1
pauwels|benjamin,55
pedersen|brittany,10
peele|christian,3
perez|angela,61
perez|robert,37
perry|joshua,5
perry|sherice,22
phonharath|leetha,526
pickering|scott,231
pienik|david,6
pisha|nicolette,14
plat|jana,944
po|rosa,34
powell|charles,168
pratt|robert,366
princeton|michelle,23
prine|beaukin,1
print|joshua,576
provet|jackson,214
prude|daniel,2
purcell|elizabeth,33
puri|arjun,39
purtell|corey,9
qu|jing,80
qureshi|hoor,363
qureshi|stephen,314
rabuck|riley,17
rager|lisa,109
raizk|paul,24
rajgopal|pavan,23
rajwanshi|anshul,272
ramassini|amanda,1
ramoutar|gerard,8
randall|bryan,18
rastegar|sanam,643
rathbun|justin,1
rauch|brian,5
rault|nicholas,142
ray|johnnie,2
ray|tyler,2
reals|keith,2
recordon|david,14
redalvarado|kelly,5
reddy|vinay,58
redmond|colby,71
reed|julia,126
reilly|katharine,884
reposa|samantha,147
rhodes|kevin,1
ricchetti|shannon,147
richards|lidia,101
ricks|katherine,11
rinkevich|rebecca,5
riosrodriguez|eduardo,1
rivero|haley,33
roberson|brittany,67
roberts|alivia,8
robinson|donovan,13
robinson|rodeaster,2
robinson|todd,6
rodriguez|drew,138
rosenberg|mitchell,2
rosenzweig|dana,2
rozo|sebastian,556
ryner|keenan,6
saba|caroline,306
sackett|megan,325
sacks|gershom,207
saenz|adrian,1
saldivar|john,270
salvatera|michelle,7
sanchez garcia|alexia,43
sanchez|cristina,8
sanchez|roque,496
sanders|john,1
sanderson|adam,27
sands|amy,1
santana|adam,120
sass|michael,51
satkowiak|karly,113
sawyer|jason,18
scatliffe|lionel,5
schaefer|benjamin,125
schildroth|christina,265
schmall|weston,10
schonau|jesse,3
schultz|adam,8
schwartz|peyton,14074
schwemle|eric,30
serrano|angel,1
shamberger|christopher,7
shannonestep|iris,15
sharfman|leslie,6
shaul|kelly,444
shaw|jesse,39
shea|allie,157
shelby|william,134
sheonath|dinesh,6
shimer|david,231
shull|kathi,483
sidor|anthony,11
siegel|jared,35
sills|sara,2
silva|nezly,1443
silva|stephanie,49
simmons|joshua,2
simmons|vickki,8
singh|priya,132
sivinski|robert,20
skinner|carroll,4
slater|sanquetta,3
smith|grace,271
smith|qadree,195
snead|lashonda,2
solomon|michelle,11
somani|aditi,36
sopko|alexandra,235
spicer|ryan,324
spigner|phillip,10
srivastava|nina,225
stalcup|travis,21
stanley|naeem,4
stanwich|john,152
stefonek|gabriella,27
sterling|elmore,14
stetson|benny,10
stewart|rebecca,755
stiegler|michael,5
stires|timothy,9
stonick|brianna,18
strasser|madeline,294
strauss|matthew,217
stubbs|jerry,8
suarez|thomas,3
sullivan|patrick,67
sundaram|kailash,121
swan|ryan,3
swaner|felicia,49
swarens|richard,3
sweeney|kelli,59
sweeney|michael,1
switch|laura,73
szestak|amy,1
szymanski|steven,310
taber|jamie,1
tam|michael,1163
tapetillo|esteban,139
tatel|samuel,5
taylor|ashlyne,26
taylor|detrus,2
taylor|gabrielle,1147
teague|robert,1
tederick|lydia,14
teitelbaum|jay,46
teleky|edward,5497
teshome|gelila,17
tessier|breanna,7
thompson|veronica,278
tibayan|arturo,55
tidwell|deborah,2
tillett|essence,40
tillson|elizabeth,96
tomaszewski|madalyn,3
toves|christopher,15
trader|rachel,2
trammelle|ronald,1
tran|hai,20
tran|toan,21
trocola|amanda,1550
tucker|robert,1
tudose|magdalena,5
turner|austin,15
turner|darryl,8
turner|randall,4
tyehimbarufai|malikat,193
tyree|dakota,1
tyrrell|william,54
uberoi|nimita,55
ubinas|maximilian,91
unpingco|carissa,247
vaingankar|jay,66
valdesrecio|arielle,132
valdez|christopher,4
valdivia|ulyssa,1
valencia|christopher,1
vallejo|jessika,4226
vankeuren|james,36
vargas|andy,611
vartanian|dennis,8
vela|rosemarie,62
velz|peter,73
venson|areletha,40
via|daniel,4473
vivirito|michael,48
volin|lina,149
waddy|rosa,1
wagman|nicholas,34
waldman|joshua,68
waldow|joseph,43
walker|sarah,36
wall|mary,9
wallace|jerome,2
wallace|rachel,48
wallace|shanon,3
wardrick|melanie,57
watson|jeffrey,2
waves|visitorsoffice,103527
weaver|amy,11
webb|jacqueline,5
webb|nicholas,3
webster|matthew,118
webster|stephen,12
weister|scott,5
welch|katherine,29
welch|lillian,269
wells|gary,15
wenger|philip,56
wessel|evan,319
west|william,26
westling|brandon,1
weston|travis,21
wexler|jeffrey,13
white|dara,34
white|kim,26
white|sherron,39
white|timothy,16
wiegert|richard,1
wilkerson jr|jimmie,1
williams|danielle,55
williams|dylan,5
williams|jasmine,20
williams|sarah,10
wilson|anthony,68
winslow|thomas,77
withers|anne,63
wood|ashley,365
wood|gretchen,13
woodberry|vanessa,331
woods|silas,10
woolfolk|garland,44
wright|brisha,2
wright|jessica,16
wright|sophia,1
wrighthashim|khiry,10
ww|tour,18365
wynne|amber,12
yallowitz|jacob,11
yarber|sarah,13
yau|daniel,1
yupari|harold,2
zeigler|naomi,25
zimskind|sarah,464
zirulnick|brittany,27
zunker|diana,143
