Caller First Name,n
AARON,19
ABEGAEL,4
ADAM,159
ADITI,36
ADRIAN,1
ADRIENNE,2
ALEA,658
ALEJANDRA,1030
ALEX,12
ALEXANDER,9
ALEXANDRA,235
ALEXIA,43
ALIVIA,8
ALLEN,110
ALLIE,157
ALLYSON,7
ALYSSA,27
AMANDA,2135
AMBER,564
AMELIA,493
AMIRA,200
AMY,20
ANA,629
ANALIA,85
ANDRE,32
ANDREW,258
ANDY,611
ANGEL,1
ANGELA,115
ANITA,2
ANNA,904
ANNE,63
ANSHUL,272
ANTHONY,292
ARELETHA,40
ARIANNA,87
ARIELLE,132
ARJUN,39
ARON,33
ARTURO,55
ARVIND,12
ASHLEY,783
ASHLYNE,26
ASJIA,176
AUDRA,7
AUSTIN,53
AVITAL,4
BEATRIX,3
BEAUKIN,1
BENJAMIN,180
BENNY,10
BETH,1
BETHANY,187
BHAVESH,11
BIANCA,79
BLAKE,186
BONNIE,38
BRADLEY,17
BRANDAN,29
BRANDON,1
BREANNA,107
BRENT,1
BRIAN,25
BRIANNA,18
BRIANNE,3
BRISHA,2
BRITTANY,104
BROOKE,1
BRYAN,24
BRYANNA,2
CAITLIN,415
CAMERON,21
CANDACE,5572
CARISSA,247
CARL,4
CARLOS,12
CARMEN,59
CAROL,38
CAROLINE,1246
CARRIE,38
CARROLL,4
CASSANDRA,4
CATHERINE,789
CELESTREA,210
CHARLES,341
CHARLOTTE,35
CHELSEA,41
CHIRSTOPHER,1
CHRISTIAN,101
CHRISTIANA,16
CHRISTINA,265
CHRISTOPHER,121
CLAUDIA,290
CLINT,1
COLBY,71
coleen,21
COLIN,9
CONNOR,134
COQUI,9
COREY,95
COURTNEY,28
CRAIG,19
CRISTETA,6
CRISTINA,8
CYNTHIA,180
DAISY,86
DAKOTA,1
DALE,4
DALMYRA,2
DANA,2
DANAUJZIA,33
DANIEL,4949
DANIELLE,475
DARA,34
DARIUS,530
DARNELL,1
DARREN,112
DARRIUS,24
DARRYL,8
DAVID,2335
DAWN,338
DAYRONE,68
DEBORAH,2
DEBRA,13
DEMETRIA,26
DENISE,166
DENNIS,8
DESHARA,41
DETRUS,2
DEVIN,1
DEVONTAE,4
DEWEY,6
DIANA,144
DINESH,6
DION,3
DIVYA,49
DOMINIQUE,3
DONNA,1139
DONOVAN,13
DORIS,9
DOUGLAS,1
DREW,139
DWAYNE,89
DWIGHT,49
DYLAN,5
EDGAR,47
EDNA,1
EDUARDO,1
EDWARD,5497
ELIZABETH,540
ELMORE,14
EMILY,128
ERIC,68
ERIKA,7
ESSENCE,40
ESTEBAN,139
EVA,1985
EVAN,319
FAISAL,182
FAITH,33
FELICIA,49
FELICITY,4
FIONA,43
FRANCIS,13
FRANCISCO,1
GABRIEL,63
GABRIELLA,1930
GABRIELLE,1147
GARDNER,2
GARLAND,44
GARRETT,4
GARY,41
GELILA,17
GEORGE,16
GERARD,8
GERSHOM,207
GHIL,4
GIANNA,424
GIONELLY,3122
GORDON,3
GRACE,483
GRANT,24
GREGORY,123
GRETCHEN,13
GROSLYN,324
HAI,20
HALEY,395
HANNAH,657
HARI,443
HAROLD,35
HAZEL,194
HEATHER,1
HEDIEH,2
HOLLI,12
HOLLY,1
HOOR,363
HOSEA,2
HOWARD,132
IAN,132
IRAN,9
IRIS,57
ISABEL,4
JACKSON,214
JACLYN,297
JACOB,11
JACQLENE,184
JACQUELINE,24
JAENSEN,15
JAMES,182
JAMIE,1
JANA,944
JANICE,17820
JARED,39
JARROD,4
JARVIS,24
JASMINE,137
JASON,115
JAY,113
JAYNA,4
JEFFREY,52
JENIFER,4
JENNIFER,227
JENNY,7
JERAD,13
JEREMIAH,20
JEREMY,21
JEROME,2
JERRY,8
JESSE,87
JESSICA,130
JESSIKA,4226
JIMMIE,1
JIMMY,34
JING,80
JOANNE,6
JOCELYN,3
JODY,1
JOHN,1207
JOHNNIE,2
JOHNNY,22
JONATHAN,90
JORDAN,195
JOSE,35
JOSEPH,81
JOSHUA,806
JOVANNA,364
JOY,357
JOYCE,5
JUAN,366
JULIA,126
JULIA-GRACE,15
JULIE,98
JUSCHELLE,703
JUSTIN,497
KAILASH,121
KAITLYN,4
KAREN,1
KARLA,3
KARLY,113
KATHARINE,884
KATHERINE,314
KATHI,483
KATHY,14
KATIE,1740
KATRINA,38
KEENAN,6
KEITH,2
KELLI,763
KELLY,484
KELSEY,27
KENDALL,164
KENNETH,38
KENON,65
KENYATTA,33
KEVIN,2760
KEZIAH,85
KHANYA,139
KHIRY,10
KIM,26
KIMBERLEY,19
KIMBERLY,831
KRISHNA,157
KRISTINA,29
KRISTY,28
KURT,26
KYLE,28
LALFONSO,257
LALITHA,140
LANCE,56
LASHAWN,18
LASHONDA,2
LAURA,73
LAUREN,633
LAURENCE,3
LEE,1
LEETHA,526
LENA,12
LESLIE,6
LIDIA,101
LILLIAN,269
LINA,149
LINDA,310
LINDSAY,2
LINDSEY,8
LIONEL,5
LISA,227
LORRAINE,53
LOUIS,14
LUCY,3
LYDIA,14
MADALYN,3
MADELINE,294
MAGDALENA,5
MALIKAT,193
MANUEL,16
MANUELITA,500
MARC,477
MARGARET,77
MARIANA,135
MARIE,45
MARILIS,36
MARINA,952
MARK,25
MARTIN,147
MARY,1480
MATTHEW,1207
MAXIMILIAN,91
MAXWELL,18
MEGAN,497
MEGHA,34
MELANIE,57
MELISSA,8
MEREDITH,208
MICHAEL,2153
MICHAELA,167
MICHELLE,78
MIGUEL,7
MIKAELA,2
MILES,28
MILLICENT,32
MITCHELL,2
MORGAN,607
"NABIL",9
"NAEEM",4
"NANCY",3
"NAOMI",25
"NASRINA",1
"NATALIE",19
"NATHAN",778
NEZLY,1443
NHUNG,1
NIA,874
NICHOLAS,669
NICKCOLA,36
NICOLE,6788
NICOLETTE,14
NIKKI,1
NIMITA,55
NINA,2029
NIYAT,29
NOE,500
OLIVER,295
ONISSA,387
OSCAR,48
PASS,22
PATRICIA,195
PATRICK,101
PAUL,61
PAVAN,23
PENNY,1
PETER,563
PEYTON,14074
PHILIP,100
PHILLIP,38
PRIYA,132
PUNEET,1327
QADREE,195
RACHAEL,75
RACHEL,354
RANDALL,4
REBECCA,768
RENEE,321
RICHARD,275
RICKFORD,1
RILEY,17
RIO,391
RISSA,18
ROBERT,1271
RODEASTER,2
RODERICK,214
RONALD,1
ROQUE,496
ROSA,35
ROSEMARIE,62
RYAN,604
RYKIA,3
SAHARRA,126
SAMANTHA,229
SAMAR,234
SAMUEL,31
SANAM,643
SANDRA,67
SANQUETTA,3
SARA,433
SARAH,1201
SARENA,5
SASHA,853
SCOTT,252
SEAN,186
SEBASTIAN,556
SHANICE,77
SHANNON,149
SHANON,3
SHARON,40
SHAWNA,18
SHAYLAH,6
SHEILA,24
SHELLEY,93
SHERICE,22
SHERRON,39
SHREEYA,478
SIERRA,44
SILAS,10
SIMONE,61
SOPHIA,1
STACY,54
STEFFI,45
STEPHANIE,219
STEPHEN,338
STEPHONN,36
STEVE,38
STEVEN,393
STORM,1070
SUSAN,170
SUSANNA,24
SYDNEY,84
TAIWO,13
TATE,97
TERRENCE,22
TERRY,1
THOMAS,1432
TIMOTHY,33
TOAN,21
TODD,6
TOM,5
TOUR,18365
TRAVIS,42
TRESA,704
TREVOR,31
TRISHA,94
TYLER,2
ULYSSA,1
VANESSA,331
VENUS,1369
VERONICA,278
VICKKI,8
VICTOR,19
VICTORIA,45
VINAY,58
VINCENT,150
VISITORSOFFICE,103527
WALTER,32
WARD,754
WENDY,41
WESTON,10
WILLIAM,757
WILLIE,8
YAEL,108
YUE,20
ZACHARY,5
ZORAYA,53
