MEETING_ROOM,n
#69,1
#name?,2
.,1
0094 0097,2
012 & 088,9
012 095,2
015 018,1
018 and 089,9
026/445,5
026b 053 095,1
027 - didl,1
027 - didlake office,2
027 didlake office,6
027-didlake office,2
037 bowling alley,13
059 & 062,1
059/062,1
065 045 337 339,14
089 and et4,4
089/018,2
089/044,3
08b,28
1,3813
1-a,1
10,11
100,184
100 res,1
1000,2
10000,3
10001,14
10002,8
100029,4
10003,1
100034,5
10005,2
10006,2
10007,2
10008,5
10009,6
10010,15
10011,3
10012,47
10014,2
10015,1
10017,6
10018,2
10019,15
10020,42
10021,1
10022,19
10023,25
10024,2
10025,1
10027,6
10028,2
10029,119
10030,2
10031,99
10033,200
10034,14
10035,1
10036,2
10038,3
10041,1
10043,7
10044,5
10045,1
10046,13
10047,6
10052,6
10054,9
10056,1
100a,2
101,147
101a,1
102,14
1020,1
10201,7
10202,58
10207,20
10209,35
10212,3
10214,10
10216,2
10218,3
10220,2
10228,4
10230,2
10232,6
10234,1
10236,6
10239,1
10242,3
10244,8
10248,1
10251,1
10252,1
10256,20
10258,726
10260,1
10261,8
10264,1
10268,4
10270,25
10272,3
10276,1
10292,1
103,7
104,25
104a,25
105,8
106,31
107,201
1078,1
108,341
108a,84
108b,114
109,90
10th floor,22
10th floor conferenc,1
10th floor secure wi,2
110,50
110-115,9
11023,1
111,3
112,310
112a,14
113,3
114,129
115,445
115 / usher's office,13
115a,13
115b,12
116,410
117,1
118,31
118c,4
12,28
120,59
120 and ma,2
121,14
122,603
123,17
124,99
124 vps office,3
125,62
125b,1
125c,10
126,735
126/bowling alley,23
127,29
127c,4
128b,1
129,6
129ab,1
13,12
130,140
130a,1
130b,2
132,1594
132 a,9
132 ww,4
132a,2
134,127
135,28
135b,5
136,102
137,11
137b,11
138,236
138/navy steps,2
139,9
13a,3
14,84
140,171
140 / pres,2
141,23
142,52
142b,2
143,229
143a,5
143b,2
143c,39
144,362
144a,14
145,53
146,24
147,22
148,19
148b,2
149,38
15,22
1500,1
151,18
152,121
153,32
155,1
156,12
157,21
158,28
159,444
159/160,1
16,35
160,1684
160 a,36
160 balcony,2
160a,380
161,257
161.5,8
162,12
162a,9
162b,5
163,38
164,63
164a,2
164b,1
165,43
166,29
167,90
168,39
169,1
17,37
170,302
171,10
172,115
173,38
174,4
175,6
176,712
176a,1
177,23
177a,2
178,2623
178 & 350,2
179,120
17th & pen,2
17th/penn,2
18,293
18 id badge office,1
18 usss pass office,1
18 ww,3
180,660
180 a,34
180 balcony,33
180-a,5
1800 g st,2
180a,2565
180b,1
181,50
182,25
183,75
184,8
185,32
187,64
188,55
188a,19
189,110
18a,6
18ww,64
19,77
19-jan,1
190,46
191,3
191b,3
192,124
193,29
194,62
194b,1
195,8
196,9
197,40
198,68
199,82
1b29,5
1st fl,4
1st fl conference ro,8
1st fl.,1
1st fl. conference r,15
1st floor,25
1st floor collaborat,2
1st floor lounge,1
1st floor navy mess,1
1st floor north end,1
1st floor north side,3
1st floor of residen,29
1st floor vpr,1587
1st floor vpr/poolsi,6089
1st floor walk throu,1
1st floor ww - nsa s,4
1st floor/basement,29
1st floor/front lawn,2
1st floor/holiday te,27
1st floor/pool deck,2
1st floor/poolside v,14
1st floor/tent,2
2,78
20,21
20-jan,1
200,559
2000,1
2008,3
201,8
201/212,12
201/bldg 19,1
2010,2
202,49
202-794-2443,1
2020,58
2020 neob,2
202a,100
202b,13
203 east wing,1
204,51
204a,3
205,165
206,491
207,8
208,131
208 - east wing,4
208 east wing,48
208 ew,9
209,23
21,115
210,2295
210 & 212,24
210-212,24
210/12,14
210/212,2220
210/212 di,23
210/212 diplomatic r,16
211,29
211 ew,8
212,5008
212 - diplomatic rec,34
212 diplomatic recep,45
212/210,4
2120,9
212a,30
213,30
214,23
215,1217
215/216,1
216,51
217,191
217 ww,1
218,22
219,6
219 ww,2
22,5
220,18
2200,18
2200b,1
220a,15
221,96
221 ww,1
2210,2
2211b,20
222,78
222b,4
223,21
224,17
225,19
226,2434
2264,6
226a,2
227,2
228,3791
228 sow,1
228428226230b,15
228a,5
229,11
23,1
230,805
230 a,70
230 aw,14
230 b,120
230-a,1
2303,2
2304,3
2308,1
230a,6848
230a sow,90
230b,2639
230b and sms,1
230sow,1
231,3
232,1
233,50
234,2312
234 b,2
234a,22
235,30
235a,2
235b,10
236,2433
236 and sms,1
236 sow,1
236b,7
236w,6
237,80
238,658
238sow,2
239,52
240,70
240b,5
241,9
242,64
242b,3
243,56
243 b,26
243b,2
243d,2
244,10
245,37
246,159
246a,2
247,2
248,868
249,6
25,431
25 airlift,1
250,39
251,56
251 eeob,1
252,758
252 b,10
252-b,1
2520,1
252b,419
253,42
254,4
255,3
256,30
257,1
258,169
259,2
26,4
260,667
261,80
262,71
263,136
264,239
264a,1
265,154
267,88
268,46
269,11
269a,1
27,65
270,36
271,22
272,305
273,140
274,449
275,19
276,1379
278,13
279,99
279a,10
280,118
280a,28
281,25
281a,3
282,104
283,8
284,72
285,9
286,85
287,75
288,24
289,35
29,4
290,16
291,411
292,41
294,37
294 and 291,3
296,493
298,259
2b,1
2nd,3
2nd cafeteria/3rd fl,1
2nd fl,1
2nd fl cafeteria,2
2nd fl cateria,1
2nd fl. conference r,10
2nd floor,18
2nd floor caf,2
2nd floor cafeteria,172
2nd floor conference,3
2nd floor/212,1
3,2
3-001,1
30,4
300,67
3001,104
3002,205
3002 esc conference,6
3002a,4
3002b,151
3007,17
301,2
301 316,1
3012,1
3015,198
3015 & 320,9
3015 & 4220,2
3015 5001,1
3019,33
302,16
302 a,2
302-a,3
3020,124
3021,20
3025,280
3026,13
302a,44
304,5
305,5
305/307,2
306,1
307,269
308,51
309,3
31,6
310,2
3101,1
3102,5
3104,30
3109,14
311,347
3113,1
3113 4226,1
312,1136
315,9
316,196
316 333 335 337 339,1
316 or 374,6
316a,1
317 414,2
318,104
319,1190
32,1
320,12
3200,2
3201,918
3202,701
3202 ecr,6
3202 gcr,3
3203,30
3209,3
321,402
322,1
3225,1
323,1
3230,2
324,67
325,463
326,1611
326/tbd,1
3265,2
327,2
328,34
33,2
330,390
330 sms e,10
3307,1
330a,1
330b,5
3315,1
333,49
333 337 339 044,6
336,363
337,3
337 -339,7
337-339,1
338,8
339,52
340,370
341,6
342,33
343,98
344,503
344 & 342,2
345,7
346,309
3469,1
347,20
348,13
349,3
35,2
350,18817
350 - itr,3
350 or dip room,20
351,932
353,183
358,7
359,30
360,710
360a,6
361,21
361.5,1
362,2
364,105
365,1
367,1215
368,46
37,296
370,7
371,25
372,32
373,27
374,10704
374 - sms large,5
374 eeob,1
374 exec,29
374 large,40
374 sms,14
374 sms e,1
374 sms ex,3
374 sms exec,57
374 sms exec.,11
374 sms l,11
374 sms la,2
374 sms large,96
374 sms s,5
374 sms sm,4
374 sms small,13
374-sms exec,2
374/sms,1
374/sms ex,2
374/sms la,4
375,12
376,516
378,7
380,319
380-,1
381,1390
3818,1
382,12
384,3
386,991
387,159
389,122
390,86
393,644
393 and sm,2
394,282
394/basement,3
396,1
3rd floor,3
3rd floor neob,1
3rd floor whmo secu,2
40,6
40-,2
400,286
4000,174
40014.7,1
4002,1
401,5
402,7
404,6
405,73
407.6,2
41,1
410,1
4100,4
4106,6
411,85
411 497,1
412,98
412a,1318
412b,1
413,16
413.4,2
414,152
415,77
415 whsr,1
416,2
416.3,4
418,162
418/230b,1
419,469
419.3,1
42,1
420,34
4202,1
4203,2
4208,110
421,2
4211,1
4212a,1
4217,2
4218,9
4218a,2
422,664
4220,235
4220 and jp,3
4221,72
4222,1
424,1
425,1145
426,27
427,8
428,4275
430,235
430 234,1
430b,6
432,15
433,87
434,5
435,1
437,88
438,20
439,1
44,39
440,3
4408,6
441,54
441 ikes,1
442,1267
4420,4
4421,4
443,22
443c,1
444,213
445,8207
445 or sms,4
445 whsr,26
4450,63
446,28
448,773
449,4
45,1
450,185
4500,3
451,29
451b,9
452,4
453,66
454,467
455,35
456,11
457,88
458,10
459,26
460,2224
461,2
462,431
463,6
464,26
466,6
467,29
467b,1
468,457
47,11
470,82
471,4
472,3918
472 & 474,1
472/474,56
473,183
474,11707
474 & 445,40
474 - indian treaty,187
474 indian treaty,25
474 itr,132
475,7
476,3336
476 472 180a,24
476 indian treaty r,1
476 itr,4
476a,1
477,29
477a,4
478,43
479,4
4791,1
479a,6
479b,5
48,3
480,167
481,5
482,7
483,1
484,27
485,15
486,12
488,23
489,11
489c,1
49,1
490,1218
491,26
492,17
492a,4
493,139
495,53
495a,2
496,2
497,353
498,7
498a,19
499,31
4f,1
4th floor,34
4th floor cr,6
5 floor/room 558,3
5-545,1
50,1
5000,2
5001,5
5002,61
5013,268
5014,1
5016,1
5020,371
5020 - lcr,8
505,1
509,9
5103,2
513,5
514,3
5151,4
518,18
52,16
5200,124
5200 and 734jp,2
5200 room,1
524,3
525,2
526,4
528,15
53,9
530,1
531,1
536,10
54,11
545,44
547,1
55,2
550,48
551,3
551b,6
552,1
553,13
553b,6
555,1
5550,2
5561,1
557,4
561,2
562,3
563,1
564,20
564 eeob,1
565,3
58,34
580,41
591,4
592,5
594,32
595,5
596,2
5th fl,1
5th floor,15
5th floor 515,4
5th floor hallway,2
5th floor suite 5200,2
5th floor/5200,37
5th floor/room 558,3
60,3
6001,17
6003,14
6008,1
6009,1
6013,3
6019,2
6020,6
6021,2
6024,4
6025,11
6027,3
6030,23
6034,2
6035,5
6037,2
6039,4
6040,2
6043,6
6044,7
6046,1
6050,3
6054,1
6063,4
6069,11
6079,60
61,12
61.5,43
6114,2
6116,17
6118,2
62,314
6201,8
6201-b,2
6202,4
6208,11
6213,5
6225-a,2
6226,9
6235,9
6236,5
6336,2
65,21
66,1
67,78
672,1
68,64
69,27
7,11
7-228,2
70,30
7000,2
7001,5
7002,17
7012,1
7013,99
7019,1
7025,7
7026,11
706,1
71,28
7103,2
7114,7
712,3
712 jackso,3
712 jackson pl,1
712 jackson pl nw,2
712 jackson place,49
712 jackson place 2,8
712 jackson place 2n,1
712 jackson place 3,13
712 jackson place 3r,37
712 jackson place nw,237
71246,1
712n jackson place,1
716,18
716 basement,1
716 jackson place fi,4
716 jackson place ro,1
716 jp,1
716 jp conference ro,1
716jp conference roo,3
716jp room 103,5
72,12
7201,1
7202,3
7208,2
7215,20
7216,2
7217,7
722 jp 1-1,10
7228,11
7235,4
7236,13
730,14
730 conference rm,10
730 conference room,15
730 first floor conf,15
730 jackso,96
730 jackson 1st fl c,6
730 jackson 1st fl.,11
730 jackson ist floo,26
730 jackson pl,20
730 jackson pl - 1st,32
730 jackson pl - bas,4
730 jackson pl - con,3
730 jackson pl 1st f,8
730 jackson pl.,2
730 jackson pl. - 1,8
730 jackson pl. - 1s,115
730 jackson pl. 1st,28
730 jackson place,291
730 jackson place 1,4
730 jackson place 1s,56
730 jackson place 2n,1
730 jackson place ba,48
730 jackson place c,1
730 jackson place co,21
730 jackson place fi,2
730 jackson place is,1
730 jp,195
730 jp - first floor,3
730 jp 1s,3
730 jp 1st floor,7
730 jp 3rd floor,1
730 jp conference ro,2
730 jp first floor c,6
730 place,7
730jackson pl - 1st,2
730jp,3
734,1
734 2nd fl conferenc,2
734 2nd fl. conferen,15
734 2nd floor confer,3
734 conference room,2
734 jackson - 2nd fl,2
734 jackson pl,3
734 jackson pl - 2nd,23
734 jackson pl 2nd,1
734 jackson pl 2nd f,47
734 jackson pl-2nd f,3
734 jackson pl. - 1s,5
734 jackson pl. - 2n,68
734 jackson pl. - 3r,1
734 jackson pl. 2nd,50
734 jackson place,7
734 jackson place -,1
734 jackson place 2n,1
734 jackson place co,1
734 jackson. 2nd fl.,1
734 jp,15
734 jp 2nd,3
734 jp 2nd fl,4
734 jp 2nd fl confer,2
734 jp 2nd floor,1
734 jp 2nd flr,1
735,1
736,34
736 jackso,4
736 jackson pl. 3rd,3
736 jackson place,1
736 jackson place (u,1
736 jackson place 2n,1
736 jp,27
736jp,2
736jp 3rd floor,3
74,10
75,1
76,365
76a,8
77,23
77/79,1
78,17
79,164
79 & 13,1
7th floor,3
8,5
80,110
8001,144
8002,18
8005,3
8013,7
8025,7
8026,23
80a,3
81,11
8116,23
8201,3
8202,14
8211,116
8211 and 4208,2
8211 war room,4
8215,1
8222,8
8223,4
8225,25
8235,11
8236,43
85,6
86,163
87,32
88,79
89,47
9-jan,4
90,3
9000,2
9001,138
9001 9047,1
9002,5
9003,18
9004,9
9005,6
9006,1
9008,1
9009,2
9010,5
9011,12
9011b,4
9012,26
9014,18
9015,1
9016,16
9018,34
9018 and garage,2
9020,13
9021,10
9023,14
9024,1
9025,3
9028,1
9030,21
9031,7
9033,1
9035,2
9038,3
9040,1
9041,2
9042,1
9044,11
9047,48
9050,3
9052,6
9054,1
9058,1
91,3
9113,1
9125,2
92,1
9200,1
9201,2
9210,1
9211,2
9216,1
9217,4
9218,6
9220,3
9222,2
9225,4
9226,1
9228,3
9230,2
9234,4
9235,2
9236,5
9237,1
9238,4
9240,3
9241,1
9243,1
9245,2
9246,2
9247,11
9256,9
9257,2
9258,551
9263,2
9264,10
9265-a and 2nd floor,1
9266,2
9268,16
9270,7
9274,1
9276,79
93,2
94,238
95,1
9528,2
96,1
96-whmu me,3
97,634
97 - whmu,2
97 covid,1
97 medical,1
97 whmu,17
97-whmu cl,6
97-whmu me,4
9th floor,29
9th floor conference,1
a1,1
airops rm,3
all,7
amb rices office,2
aphsa office,1
aphsas office,4
apnsa,13
apnsa finer's office,1
apnsa offi,5
apnsa office,72
apnsa suit,16
apnsa sullivan suite,4
apnsa's office,4
apnsas office,12
b-27 res,3
b01,2
b1 carpent,1
b19,4
b236,1
b25,389
back door,1
badge issuance,1
badge office,2
badge room,1
badging of,1
balcon,1
basement,263
basement 062,1
basement and first f,54
basement and poolsid,35
basement b2 level r,4
basement bowling all,19
basement first floor,46
basement/ 1st floor,4
basement/1,19
basement/1st floor,73
basement/2,1
basement/first floor,41
basement/front lawn,2
basement/holiday ten,41
basement/p,6
basement/pool deck,30
basement/vpro office,1
bh,1
blair hous,1
blair house conf fac,8
bldg 16,2
bldg 19,18
bldg 19 201,16
bldg 19 parking lot,1
bldg 91,4
bldg. 19,3
blue room,14
bookseller,1
booksellers,1
bowling,24
bowling alley,131
bowling alley - 037,22452
bowling alley reclea,1
br,23
bradford,3
brian deeses office,1
briefing,1
briefing r,74
briefing room,243
british em,1
brs office,1
bruce reeds office,1
building 1,39
building 16,8
building 19,23
building 5,1
building 9,1
building 91,3
building 91 & reside,4
cabinet,4
cabinet affairs balc,34
cabinet ro,4
cabinet rom,2
cabinet room,79
cabinet room - ww,20
cac/piv office,1
cafe,14
cafeteria,74
cafeteria 3202 300,1
cafeteria fishbowl,8
ceremonial,134
ceremonial office,34
chief ushe,4
china room,2
clinic,17
clinic rm g102,1
coffeshop,1
collaboration space,1
command,2
comms room,1
communications room,4
conf rm 9258,30
conf. room 730 1st f,16
conf. room 734,1
conference,2
conference rm 3015,1
conference rm 476,4
conference room,25
conference room - 73,4
conference room 1st,1
conference room 2nd,23
conference room 730,12
conference room 734,24
cordull ha,1
cos,2
court yard,119
courtyard,825
courtyard & 3001,4
courtyard / room 925,2
cr 3015,10
cr 400,7
cr 4th floor,4
cr neob 9258 cr jpo,52
cr neob ocso 4208,4
cr omb eeo,1
cr-400,4
cr3015,2
cr400,2
curator st,4
d section,1
ddm balcony room 26,9
dining room,1
dip recept,1
dip reception,24
dip reception 212,18
dip reception room,43
dip reception room a,47
dip reception room r,7
dip room,182
dip. reception room,23
diplomatic,192
diplomatic 210/12,2
diplomatic conferenc,11
diplomatic reception,896
diplomatic room,33
diproom or 230a,3
director brainard of,4
director's balcony,18
doctors office res,2
dr,7
driver - staying in,1
driver drop-off,1
driver: drop off wes,1
drivers/ support not,30
driveway,6
drop at we,1
drop off at p1,5
drop off at post 1,8
drop off by p1,2
drr,18
e street,1
e102,1
e102 ew,8
e2026,54
east,6
east ballr,14
east ballroom,10
east exec,62
east exec ave,1
east exec ave - outs,4
east exec drive,1
east exec drop of,2
east exec drop off,3
east exec parking,11
east exec. ave,1
east execu,51
east executive,3
east executive ave,1
east executive avenu,36
east executive drive,12
east garag,2
east lobby,1
east portico south d,3
east recep,27
east reception,37
east reception - exr,19
east reception / sou,2
east reception room,78
east room,5791
east room (residence,28
east room residence,4
east room-,3
east room-res,17
east room-residence,1
east room/res,1
east tradesman resid,1
east tradesman/c3 ha,1
east wing,439
east wing & eeob mee,2
east wing & state fl,3
east wing - 208,1
east wing - east rec,10
east wing - flotus o,1
east wing - res,28
east wing - residenc,2
east wing -res,5
east wing 102,4
east wing 208,5
east wing 216,7
east wing 218,1
east wing 222cd and,18
east wing 223,2
east wing 226 / dipl,1
east wing 2nd floor,2
east wing and eeob,8
east wing and north,6
east wing and south,10
east wing and state,8
east wing and west w,1
east wing east recep,1
east wing exr and w,19
east wing lobby,12
east wing parking,2
east wing reception,4
east wing res,2
east wing rm 216,6
east wing rm 6,2
east wing room 206,10
east wing room 208,8
east wing state flo,8
east wing tour,2
east wing tour route,1
east wing whmo,3
east wing whmo 216 &,2
east wing-,10
east wing- res,6
east wing/ residence,8
east wing/ state flo,71
east wing/state floo,1
eastwing-res,4
ebr,6
ed206,12
ee,1
eeob,108
eeob - 428,5
eeob - sms,2
eeob - sow,13
eeob - sow 226,9
eeob - sow 228,13
eeob - sow 230a,8
eeob - sow 230b,2
eeob - sow 234,1
eeob - sow 236,8
eeob 097,1
eeob 102,2
eeob 108,4
eeob 112,13
eeob 115,4
eeob 122,5
eeob 127,8
eeob 148,1
eeob 159,163
eeob 160,12
eeob 160a,23
eeob 161,10
eeob 172,1
eeob 178,66
eeob 18,2
eeob 180,4
eeob 180a,30
eeob 184,3
eeob 185,1
eeob 187,1
eeob 188,3
eeob 188a,5
eeob 194,1
eeob 199,1
eeob 200,43
eeob 2010,2
eeob 210,4
eeob 210 dip recepti,21
eeob 210/2,128
eeob 210/212,79
eeob 212,149
eeob 224,3
eeob 226,24
eeob 228,36
eeob 230a,45
eeob 230b,10
eeob 234,27
eeob 236,24
eeob 238,10
eeob 250,1
eeob 252,3
eeob 264,2
eeob 268,1
eeob 274,1
eeob 276,13
eeob 291,2
eeob 302a,4
eeob 307,3
eeob 312,1
eeob 319,6
eeob 320,1
eeob 330,3
eeob 333,1
eeob 343,5
eeob 344,9
eeob 350,187
eeob 353,2
eeob 355,1
eeob 360,7
eeob 367,4
eeob 374,153
eeob 374 (sms large),4
eeob 374 whsr,1
eeob 380,1
eeob 381,2
eeob 386,1
eeob 405,1
eeob 412a,1
eeob 419,1
eeob 422,6
eeob 428,53
eeob 430,1
eeob 432,2
eeob 442,6
eeob 445,52
eeob 448,5
eeob 454,2
eeob 460,4
eeob 472,10
eeob 474,272
eeob 476,13
eeob 478,13
eeob 490,8
eeob 553,1
eeob 60,8
eeob 68,5
eeob 71,2
eeob 79,15
eeob 94,16
eeob 97,66
eeob 97 e,1
eeob 97 th,1
eeob bowling,3
eeob bowling alley,20
eeob bowling alley -,24
eeob clini,25
eeob clinic,3
eeob clinic rm 97,4
eeob conf,8
eeob director klein,2
eeob gs,1
eeob guide,1
eeob halloween,5
eeob ikes,3
eeob indian treaty r,4
eeob itr,6
eeob lunch meeting,1
eeob medun,1
eeob n. court loadin,1
eeob navy mess gift,1
eeob navy steps/sout,37
eeob rm 35,8
eeob rm 68,2
eeob rm 82,2
eeob rm. 4,2
eeob room,14
eeob sca,3
eeob sms 374,1
eeob sms l,9
eeob south auditoriu,1
eeob south court aud,3
eeob sow 2,1
eeob sow 226,13
eeob sow 228,16
eeob sow 230a,18
eeob sow 230b,4
eeob sow 234,20
eeob tbc,10
eeob tour,44
eeob tour + 1,1
eeob truman bowling,4
eeob whmu,4
eeob-whsr,1
eeob/ew,5
eeob/southlawn,1
eeob120,2
eeob18,2
eeob217,4
eeob230,2
eeob230b,3
eeob350,2
eeob442,1
eeob445,8
eeob478,2
eeobr 350,1
eew 216,4
electric s,2
electric shop,10
ellipse,1076
ellipse pa,1
enter ww,9
eob 118,3
eob 159,2
eob 226,2
eob 228,2
eob 428,4
eob 476,1
eob 97,4
er,7
err,1
et4,1
event,4
ew,2333
ew & east room,11
ew & pfs,2
ew & res,5
ew & south,26
ew & south lawn,1
ew & state floor,36
ew (navy mess),1
ew - 107,1
ew - 208,6
ew - blue room,12
ew - east,11
ew - east reception,29
ew - julis,1
ew - map room,5
ew - reception,8
ew - res,56737
ew - res - ww,2
ew - rm 208,1
ew - sdr,3
ew - south lawn,10
ew - south lawn / ea,2
ew - state,4
ew - state dining ro,8
ew - state floor,50
ew - state room,9
ew - tour,1
ew - visit,3
ew - wh,1
ew -east r,3
ew -res,1
ew / res,8
ew / ww tour,9
ew 1-16,4
ew 1-19,22
ew 1-8,2
ew 100,1
ew 102,5
ew 105,1
ew 106,7
ew 107 and,1
ew 108,6
ew 109,5
ew 112,1
ew 118,9
ew 119,1
ew 121,16
ew 125,2
ew 127,1
ew 129,9
ew 129 ab,2
ew 129ab,1
ew 13-800,1
ew 130,3
ew 131,1
ew 132,11
ew 133,16
ew 2-5,19
ew 200,7
ew 201,7
ew 202,3
ew 204,14
ew 204/sou,1
ew 205,1
ew 206,142
ew 207,13
ew 208,282
ew 209,4
ew 211,3
ew 212,1
ew 216,18054
ew 217,50
ew 218,5
ew 219,3
ew 21`6,2
ew 220,2
ew 221,7
ew 2216,1
ew 222,3
ew 223,19
ew 224,5
ew 225,37
ew 226,48
ew 227,33
ew 228,9
ew 263,1
ew 267,2
ew and east room,1
ew and eeob,2
ew and exr,7
ew and south lawn,1
ew blue room,2
ew bookse,1
ew calligraphy room,2
ew conference room 2,4
ew east exec,4
ew east exec and ew,2
ew east executive dr,1
ew east re,22
ew east reception,29
ew east reception &,2
ew east reception ro,13
ew east ro,4
ew east room,22
ew ebr,10
ew eeob,1
ew err,2
ew err and,2
ew exr,69
ew exr and south la,6
ew exr and ww,35
ew exr res,149
ew exr res ww,9
ew exr sl and ww,2
ew exr ww,1
ew exr-res,12
ew family theater,1
ew floval,1
ew front desk,5
ew ground floor,2
ew holiday,77
ew kennedy garden,10
ew library,1
ew lobby,13
ew lower exec,8
ew map room,10
ew milaide,2
ew movie t,1
ew movie theater,6
ew movie theatre,21
ew multiple location,2
ew ola,1
ew ola first floor,1
ew pennsylvania ave,1
ew reception,5
ew reception room,11
ew res,397
ew res north porti,5
ew res north portic,38
ew res sl,2
ew res ww,6
ew residence,216
ew rm 109,5
ew rm 109 bookselle,1
ew rm 12,1
ew rm 2-5,6
ew rm 208,12
ew rm 216,1
ew rm. 216,1
ew room 2,1
ew room 206,1
ew room 208,13
ew room 216,11
ew room 221,1
ew sl,10
ew sl and exr,3
ew sl res,41
ew south lawn,56
ew state,57
ew state d,1
ew state dining room,2
ew state f,32
ew state floor,94
ew state floor / sou,5
ew tour,718728
ew treaty room,19
ew upper east execut,1
ew visitors office &,1
ew vo,7
ew whmo hq,6
ew whvo #1,7
ew ww,5
ew ww eeob,12
ew ww exr res,14
ew ww res,44
ew- map room,8
ew- mezannine,25
ew- res,10
ew--res-sl,35
ew-1-19,11
ew-109,3
ew-206,3
ew-208,2
ew-exr,36
ew-reception room,3
ew-res,8252
ew-res and eeob,5
ew-res west,4
ew-res-sl,358
ew-res-sl-ww,9
ew-res-south lawn,94
ew-res-ww,133
ew-res-ww-sl,87
ew-res/eeob,3
ew-res/southlawn,6
ew-res/southlawn/eeo,9
ew-res/state floor,258
ew-ress,1
ew-south lawn,2
ew-state dining room,2
ew-tour,15
ew-ww-res,20
ew-ww-res-sl,14
ew/ res,25
ew/125,1
ew/206,1
ew/216,6
ew/exec-res,4
ew/penn av,6
ew/res,35
ew/res state floor,2
ew/res-state floor,3
ew/south lawn,51
ew/state floor,13
ew/ww,12
ew/ww 223,3
ew/ww/223,2
ew/ww223,2
ew102,8
ew106,60
ew125,1
ew128,4
ew130,4
ew133,3
ew206,6982
ew2067,166
ew207,1
ew208,28
ew208 & ww mess,7
ew2106,23
ew216,738
ew223,36
ew223 and,2
ew224,1
ew225,12
ew226,4
ew: callig,1
ew: east r,44
ew: state,4
ew: vermei,1
ew; residence,4
ew@06,17
ewkennedygarden,9
ews,18
ews 15,1
ews-tour,1
ewslres,2
ex-res,1904
ex-res south lawn,25
ex-res; south lawn,32
exc res,1
exe ew res,5
exec,57
exec res,48
exec-res,4
executive,40
executive dining roo,1
executive resdience,1
executive residence,260
exr,5
exr - state floor,10
exr / res finance of,1
exr and gr,12
exr ew,9
exr finance office,7
exr movie theater,2
exr room ug-18 nps g,2
exr ushers,1
exr-state,3
family theater/ ushe,15
finance office,3
first,7
first division park,5
first floo,6
first floor,1873
first floor + tent,120
first floor / baseme,95
first floor / front,9
first floor / pool s,1
first floor / poolsi,15
first floor / tent,525
first floor and base,71
first floor and kitc,13
first floor and outs,5
first floor and pool,187
first floor and tent,12
first floor and thir,1
first floor hallway,4
first floor library,4
first floor vp resid,1
first floor vpr,31
first floor/basement,169
first floor/pool dec,22
first floor/pool sid,3
first floor/poolside,29
first ladys office,4
fishbowl,38
fist floor,5
floor 2 op,2
floral shop,1
floral shop residenc,1
flower shop,3
fourth floor,10
foyer,1
front lawn,209
front lawn / side la,15
front lawn / tent,187
front lawn vpr,7
front lawn/residence,1
front lawn/tent,110
front of residence,43
front of residence a,2
front of vpr,3
front/pool area,7
full residence,1
g 121,2
g 3,1
g 66,1
g-102,3
g-102 clinic,7
g-3,1
g-72,9
g-74,3
g-74 ww,1
g102,45
g102 medic,1
g29 navy mess,2
g37,23
g38,2
g40,13
g47,20
g48,2
g50,7
g59,44
g59 ww,58
g66,27
g67,5
g7,1
g74,35
garage,5
gcr,9
gift shop,28
gift shop 019,4
gift store,2
gilliss ave,6
gilliss ave.,173
gilliss ave. / post,20
gilliss ave/p1,1
gilliss avenue,1
grand foyer,13
ground and state flo,13
ground flo,3
ground floor,1
ground floor clinic,5
grounds,2
grounds an,3
grounds and motorcad,1
grounds of,3
grounds office in re,2
grounds office res,1
grounds office res.,1
grounds office resid,1
gww36,1
gww37,4
gww42,2
gym attic,1
helpdesk,1
holiday reception,4
holiday tent,49
homeland security ad,2
house,11
housekeepi,2
housekeeping,3
housekeeping office,9
hrd 3rd fl,1
iap,5
ice rink,4
id section,1
ike's,17
ike's cafe,1
ike's coffee,4
ike's eatery,3
ikes,92
ikes cafe,4
ikes cafeteria,3
ikes coffee,3
ikes eate,5
ikes eater,4
ikes eatery,9
ikes eatery & neob c,1
ikes hallways pat,1
ikes table,1
ikes tables,1
ikes/eeob foyer,1
ikeâ€™s,1
ilc eatery,1
india treaty room,21
indian tre,106
indian treat room,2
indian treaty,82
indian treaty rm,63
indian treaty room,2471
indian treaty room #,4
indian treaty room 4,140
indiantreaty,9
inside post 1 / pool,2
inside post 1/poolsi,3
ironsides room,3
irt,21
it office,1
itr,3404
itr 474,396
itr indian treaty ro,21
itr rm 474,158
jackson 71,1
jackson pl,12
jackson pl 730 1st f,3
jackson place,25
jackson place - 1st,3
jackson place 2nd fl,1
jackson place 708,1
jackson place 712,7
jackson place 716,3
jackson place 730,21
jackson place 734 co,2
jackson place 736,25
jake sullivan's offi,3
jake sullivans offi,2
jb716 basement,1
jb730,4
jbab south lawn ex,1
jbab-vo,1
jfk,112
jfk - ww,6
jfkwhsr,16
joint white house sw,2
jp,109
jp - 3202,1
jp - 708,1
jp - 730 1st floor c,1
jp 10012,3
jp 103,8
jp 104,2
jp 1st floor,11
jp 1st floor confere,19
jp 2 floor conferenc,2
jp 2-1,6
jp 200,4
jp 226,1
jp 236,8
jp 2nd floor conf.,3
jp 2nd floor confere,10
jp 3-1,2
jp 3202,5
jp 3fl,1
jp 3rd floor,9
jp 703,2
jp 708,1
jp 712,7
jp 712 - 3rd floor,6
jp 712 3rd floor,1
jp 716,327
jp 716 1st floor,6
jp 716 room 103,1
jp 718,2
jp 722,5
jp 722 2-2,5
jp 726,7
jp 730,210
jp 730 1st fl,6
jp 730 1st fl conf r,5
jp 730 1st floor,8
jp 730 1st floor con,44
jp 730 2nd floor con,4
jp 730 3rd floor,1
jp 730 conference ro,28
jp 730 first floor,3
jp 730 first floor c,9
jp 734,48
jp 734 1st floor con,4
jp 734 2-1,6
jp 734 2nd fl,15
jp 734 2nd floor con,6
jp 734 3rd floor,2
jp 734 second floor,10
jp 736,95
jp 736 2-2,7
jp 736 2-3,1
jp 736 3rd floor,3
jp 736 fir,6
jp 736 first floor,2
jp 7th floor,10
jp blue room,1
jp ceq conference ro,1
jp courtyard,1
jp first floor conf,2
jp first floor confe,2
jp has 736,1
jp medical unit,1
jp townhouse room 10,6
jp usds,2
jp-1st flr conf room,1
jp-3202,18
jp-730,31
jp-734,49
jp-926,2
jp/neob courtyard,1
jp103,9
jp104,4
jp216,2
jp236,1
jp5020,38
jp712,41
jp712 1st fl,8
jp712 2fl,3
jp712 basement,5
jp712 floor1,9
jp712 main floor,1
jp716,39
jp716 103,1
jp716 basement,3
jp716 rm10,3
jp722,16
jp730,192
jp730 - first floor,3
jp730 1st floor conf,8
jp730 1st flr,1
jp730 first floor,6
jp730 first floor co,32
jp730 third floor,2
jp734,100
jp734 2nd fl confere,2
jp734 2nd floor,1
jp736,26
jp736 firs,2
jp9006,4
jp9274,1
jpo 103,6
kansas city chiefs e,1
kitchen and first fl,10
lafayette,2
laundry,1
laundry housekeeping,1
laundry residence,4
lawn,168
library,32
loading do,5
loading dock,15
loading dock equipm,2
loading zone,2
lobby,29
lobby foyer,2
lower cross hall,1
lower east,3
lower east executive,1
lower pres,8
lower press,58
lower press 18,2
lower press press br,2
lower suite,8
lower suite - g74,4
main gate,4
main kitch,1
main kitchen,20
main kitchen exr,5
main kitchen residen,1
main telephone room,2
map room,23
master control,5
mavy mess,1
mc,1
mds office,1
mechanical rooms,3
med unit 9,1
medical,4
medical cl,10
medical clinic,5
medical of,3
medical un,2
medical unit,2
medunit 97,1
medunit th,1
meet at 321,1
mess,223
mess (ww),1
mess lunch,12
mess rm 20,3
movie thea,1
movie theatre,14
n court,5
n. court,2
n/a,5
n/a general architec,3
n/s grounds pony she,1
national museum of w,15
navy mess,1598
navy mess - ww,1
navy mess and eeob 6,4
navy mess dining roo,12
navy mess eating spa,1
navy mess lunch,3
navy mess rm 19,1
navy mess rm 19 21,2
navy mess staff dini,6
navy mess ww,7
navy mess/ww,4
navy side and post 7,4
navy steps,24
navymess,38
nc and sc chiller pl,13
nea interview appoin,1
nec directors office,1
neob 10031,2
neob 2010,1
neob 3007,1
neob 3015,7
neob 3201,1
neob 400,9
neob 8211,3
neob b208,2
neob cafe,1
neob cafet,3
neob clini,6
neob clinic,3
neob first floor,2
neob garage,15
neob jp 103,5
neob jp 730 1st flo,3
neob jp 730 1st floo,3
neob jp 730 jackson,3
neob loadi,2
neob parking garage,6
neob training room,2
nm,21
none,1
north and,2
north court,12
north driv,33
north drive,13
north drive and west,2
north grou,3
north lawn,98
north port,21
north portico,11
north portico state,29
north west drive,4
northwest driveway,2
nsa office,9
nsa suite,6
nsa sullivans office,4
nsao,3
nsc lower suite,1
nsc lower suite ww,1
nsc suite,1
nsc upper,1
nsc upper suite ww,1
o-15,9
o-19,4
o-21,39
o18,15
o19,17
o20,3
o21,41
o62,1
o89,6
o8b,3
office of,1
old family,1
old family dining ro,13
old iron s,5
omb balcony,6
omb directors office,6
onboarding,1
ostp,1
outdoor tables,1
outer oval,4
outside,1
outside of p1,2
outside of residence,2
outside of the resid,9
outside ww,2
oval,128
oval and r,4
oval colonade,6
oval offic,406
oval office,396
oval office ww,4
oval ofice,3
oval stat,8
oval west,2
oval ww,1
ovp ceremonial,4
ovp ceremonial offic,6
p1,3
palm room,3
park on state place,2
parking,11
parking drop off,16
parking garage,11
parking on,2
parking on state pla,1
parking state place,2
pass &id,1
pass and i'd,1
pass and id,1
pass offic,28
pass office,12
pass office 17,1
pass office 18,2
pass office room 18,2
pass/id office,1
pastry kitchen,3
pastry sho,4
pdnsa offi,1
pdnsa office,11
pdnsa suit,6
pebble bea,5
pebble beach,70
pebble beach and ww,5
pending,5
penn and 15th,2
penn ave,8
penn ave/south drive,6
penn avenue,1
pennsylvan,17
pennsylvania ave,4
pennsylvania avenue,9
penthouse,22
personnel security,1
pfs,4
phone closet,4
phone room/cer,4
photo office,1
physicians office,5
picnic tab,1
picnic tables,24
piv office,2
pmo office,1
podium,1
pony shed n/s groun,1
pool,3
pool area,4
pool deck,22
pool deck/basement,9
pool house,17
pool side,16
pool side/first floo,94
pool/basem,2
pool/first floor,4
poolside,565
poolside and first f,11
poolside veranda,2
poolside/basement,39
poolside/first floor,2
portico poolside fir,44
post 1,390
post 1 / tent,42
post 1/pool side,21
post 14,2
post 5,113
post 5 / front lawn,12
post 5 first floor o,18
power sect,1
ppr,12
ppr gcr,17
ppr grand conference,1
press,20
press brie,6
press briefing,1
press briefing room,59
press lobb,2
press offi,10
press office,4
press room,3
private ew tour,5
private re,1
pro office,1
pull through post 1,257
pull through post 5,113
quarters a,15
r019,3
r94,8
rec clinic,10
red room,2
red room/w,5
res,3318
res - 119,1
res - east,3
res - east room,2
res - ew &,3
res - flower shop,2
res - grou,8
res - it office,1
res - map,6
res - ofl offices,30
res - rose,10
res - south lawn,5
res - stat,6322
res - state,3
res - state dining r,7
res - state floor,2029
res - state floor an,13
res - tour,1
res -ew &,18
res -state floor,84
res 115 - ushers of,2
res and ww,1
res b26,1
res baseme,2
res blue r,2
res blue room,18
res bm,1
res bm b3,3
res bm5,3
res bmb3,13
res cinic,6
res clinic,822
res clinic ground fl,1
res clinin,1
res clininc,16
res curators office,5
res dip ro,3
res diplomatic rece,6
res diplomatic recep,18
res diplomatic room,1
res doctor office,2
res doctors office,4
res east,12
res east r,37
res east room,175
res electr,2
res electric shop,1
res g15,15
res g3c,4
res hr office,1
res main kitchen,1
res map r,14
res map ro,10
res map room,29
res med cl,25
res med clinic,8
res medica,10
res medical clinic,11
res navy mess,4
res palm,1
res rose garden,7
res s lawn,1
res sdr,17
res south,61
res south lawn,55
res state,56
res state dining ro,2
res state dining roo,5
res state floor,74
res tour,1
res treaty room,1
res white,1
res ww,2
res ww mess,2
res yellow oval,2
res- east room,1
res- north,3
res- state,84
res- state dining ro,1
res- state floor,787
res-- east,6
res-bm,3
res-state,16
res-state floor,13431
res. grou,3
res/b27,1
res/ew,3
res/flower,2
res/south grounds,3
res/south lawn,1998
res/state floor,4827
res222,1
res: state,14
resbowling,16
residence,1349
residence - diplomat,1
residence - library,1
residence - physicia,2
residence - south la,17
residence - yellow o,5
residence / usher's,1
residence and tent,3
residence and west w,32
residence clinic,219
residence clinic and,3
residence east room,2
residence ground and,8
residence grounds,2
residence main arvin,1
residence main kitc,7
residence main kitch,10
residence man kitche,1
residence physician,20
residence physicians,8
residence south port,1
residence tbd room,4
residence treaty roo,1
residence usher's of,1
residence ushers o,9
residence ushers off,3
residence west wing,32
residence ww,21
residence/building 1,3
residence/east wing,5
residence/palm room,8
residence/tent,456
residence/tower,4
residence/ww,6
residents clinic,5
residnce,4
restroom,1
rk office,1
rm 014 sc,4
rm 1,6
rm 10029,1
rm 111,2
rm 157,1
rm 159,287
rm 160,42
rm 161,1
rm 170,2
rm 171,2
rm 178,1
rm 18,12
rm 18 pas,1
rm 180,6
rm 189,1
rm 210 dip,7
rm 210/212,20
rm 22,1
rm 225,1
rm 226,4
rm 230a,2
rm 230b,1
rm 25,8
rm 27,2
rm 274,3
rm 276,1
rm 3201,3
rm 326,2
rm 350,23
rm 373 sms large,15
rm 374 whsr sms,8
rm 42 - ts,2
rm 441,1
rm 445,2
rm 472,11
rm 474,14
rm 491,1
rm 51,2
rm 522,1
rm 62,2
rm 65,8
rm 68/ navy mess,3
rm 76,1
rm 76 a,1
rm 80,2
rm 94,3
rm 97,17
rm#18,1
rm. 178,4
rm. 298,1
rm. 326,12
rm. 374,2
rm/210/212,3
rm014,4
rm08b,4
rm159,1
rm18,3
rm4221,5
rm430,7
rm51,2
rm68,8
rm87,1
roof,4
roof anten,1
room	diplomatic rece,28
room #1,1
room 089,4
room 1,15
room 1 wwt,1
room 100 balcony,8
room 10258,8
room 12,3
room 145,1
room 15,1
room 157,3
room 159,1
room 160,1
room 18,41
room 18 pa,1
room 19,2
room 200,8
room 21,1
room 2200,1
room 226,2
room 230,4
room 230b,2
room 267,1
room 272,9
room 300,1
room 3104,2
room 347 sms large,4
room 350,3
room 353,1
room 374 sms large,2
room 404,1
room 445,2
room 448,7
room 450,9
room 450 b,3
room 460,12
room 47,2
room 472,8
room 474,10
room 476,17
room 497,1
room 60,5
room 68,1
room 69,1
room 70,1
room 74,1
room 81,4
room 9,2
room 91,1
room 94,16
room 97,10
room 9901,1
room o18,6
room one,2
room sow 228,1
room1,1
roosevelt,437
roosevelt rm,3
roosevelt room,587
roosevelt room - ww,4
roosevelt room tbc,7
roosevelt room west,15
roosevelt room ww,7
roosevelt room/oval,4
rooseveltroom,10
rose garde,573
rose garden,177
rose garden event,2
rosevelt room,11
rr,72
rr rosevel,1
s0w236,34
sb -230,2
sb 229,6
sb 235,1
sb 236,2
sb- 220,1
sb-220,5
sb-221,2
sb-222,2
sb-236,18
sb219,5
sb22,1
sb220,27
sb220 & 3201,1
sb221,1
sb226,15
sb233 sb2,1
sb235,3
sb235 401,1
sb236,43
sca,293
sca rm014,2
sdr,5
sdr res,1
sec. of wa,3
secret service stati,2
secretary,9
secretary of war,3
secretary of war roo,2
secretary of war sui,31
secretory of war,2
secure media suite,18
security office 3rd,5
sherman pa,3
sherman park,22
sherman park/lower e,3
side lawn,19
side lawn/tent,446
sit room,3
sit room or eeob,2
sit room small,3
sit room/w,1
sitroom,28
situation,111
situation room,274
situation room smal,4
situation room west,10
sitution room,4
sl,119
sl ew res,4
sma large,3
sms,1600
sms 374,53
sms 376,1
sms breakout room,1
sms conference room,1
sms exec,835
sms exec (374),5
sms exec (rm 374),4
sms exec / rm 374,22
sms exec 374,35
sms exec 3rd fl,2
sms exec 3rd floor,2
sms exec c,2
sms exec eeob 375,11
sms exec rm 374,2
sms exec/3,3
sms executive confer,7
sms large,1443
sms large 374,9
sms large 376,9
sms large conference,7
sms large room 374,2
sms lg,1
sms rm 374,1
sms rm. 374,16
sms rm. 374 or rm.,2
sms room #374,3
sms room 374,3
sms rooms,6
sms small,237
sms small conference,4
sms suite,1
sms tbc,6
sms-374,10
sms-exec,20
sms-large,9
sms-small,5
sms/374,1
sms/390,1
sms/ww,2
smsmall,1
social team office,1
south cour,283
south court,103
south court aud,9
south court auditori,337
south driv,28
south drive,25
south facade,1
south gate / remotes,2
south grou,19
south grounds,86
south lawn,74051
south lawn - arrivin,2186
south lawn / ellipse,1
south lawn / ew,2
south lawn and east,2
south lawn event,4
south lawn ex-res,6
south lawn exr-res,22
south lawn skating r,3
south lawn state fl,37
south lawn state flo,16
south lawn west win,4
south lawn/res,278
south lawn/ww,3
south lot,1
south port,2
south portico,10
south portico state,13
southlawn,210
sow,120
sow 203a,6
sow 203b,3
sow 212,1
sow 2206,9
sow 2230b,2
sow 224,12
sow 226,491
sow 228,606
sow 230,42
sow 230 a,22
sow 230 b,21
sow 230-a,5
sow 230a,1220
sow 230b,462
sow 234,696
sow 234b,5
sow 236,446
sow 236b,4
sow 238,26
sow 240,6
sow 243,1
sow 276,1
sow 320b,1
sow 472,8
sow 476,20
sow eeob 230b,3
sow suite,15
sow suite 230a,28
sow suite 236,1
sow ww,4
sow-236,6
sow-a,12
sow226,27
sow228,16
sow230,18
sow230a,113
sow230b,35
sow234,28
sow236,29
sowa,13
sp-236,1
sr,4
ss 74,1
ssw 228,8
staff dining 1,6
staff dining room 1,2
stairway near room 1,36
stata plac,12
state,5
state department lib,2
state dini,53
state dining,2
state dining room,102
state dinner,2
state floo,948
state floor,3007
state floor & east w,10
state floor & ew,6
state floor - res,136
state floor enter n,11
state palc,5
state pl,4
state pl.,18
state plac,807
state place,931
state place (driver:,7
state place / east e,1
state place / upper,2
state place and west,1
state place for secu,2
state place only,1
state place parking,57
state place pick upd,1
state street parking,7
stateplace,1
staying in car - not,2
storeroom,6
storeroom/penn ave d,1
strategy & budget me,1
suite,19
suite 18 usss badge,1
suite 18 usss pass o,2
suite 3019,1
suite 5200,11
suite 5200 office 53,1
sullivans office,2
sw 230b,2
tba,50
tbc,6
tbd,598
tbd halloween tour,1
tbr,5
tech,1
tent,1386
tent / first floor,674
tent and first floor,3
tent/basement,117
tent/first floor,732
tent/first floor of,39
tent/residence,326
terry wolff,1
test,1
the mess,1
the navy mess,2
the residence east r,3
the ward room,6
the white,1
theater,2
third floor,4
top of stairs,1
tour,43
tower,7
treaty room,31
truman,2
truman alley,3
truman bow,1
truman bowling,9
truman bowling alley,161
truman bowling cente,7
tsd-pdl,1
upper east,13
upper east exec,7
upper east exec ave,4
upper east exec aven,2
upper east executive,25
upper press,82
upper press / hz's o,1
upper press 2nd floo,2
upper press ww 140,1
upper suit,2
upper suite,2
upper west drive,3
upper/lower suite,2
upstairs w,2
usds room,1
usher offi,10
usher's office,5
usher's office / roo,11
usher's office // 11,1
usher's office // ro,5
ushers,3
ushers of,78
ushers off,3
ushers office,120
ushers office / roo,20
ushers office // ro,2
ushers office pony s,12
ushers office reside,4
usss locat,2
usss pass,1
usss pass office,1
various,1
various locations,1
veranda,65
veranda pool deck ba,9
veranda pool deck fi,42
vernada,2
vice presi,4
vice presidents res,1
visitors office,5
vp,1
vp 286,10
vp ceremon,187
vp ceremonial,154
vp ceremonial office,211
vp harris office,7
vp office,66
vp office 1st floor,9
vp ww,1
vp ww offi,3
vp ww office,12
vp's cerem,4
vpo,2
vpotus cer,32
vpotus off,1
vpotus ww,3
vpr,1245
vpr 1st floor,3
vpr 1st floor & pool,1
vpr 2nd floor,3
vpr 3rd floor,6
vpr driveway,5
vpr first floor,8
vpr front lawn,23
vpr lawn,465
vpr pool,249
vpr pool deck,30
vpr posts,20
vps office,1
vps ww off,6
w 216,46
w16,1
w40,3
wa 132,1
walkthroug,4
war room,1
ward,3
ward room,188
ward ww,10
wardroom (ww),1
water filt,1
we - res,1
we navy mess,1
we-res,9
west exec,68
west exec ave,2
west exec ave - fenc,2
west exec ave.,1
west exec drive,7
west exec drop-off,2
west exec. loading d,2
west execu,22
west executive,1
west executive ave,2
west executive avenu,2
west lobby,1
west wing,74153
west wing - cos,2
west wing - jeff zie,3
west wing - nsc curt,1
west wing - west exe,4
west wing / navy mes,1
west wing / south la,2
west wing /north dri,1
west wing 1-b upper,6
west wing 121,10
west wing 132,1
west wing 18,9
west wing 221,8
west wing and diplom,15
west wing and reside,53
west wing apnsa offi,4
west wing awning,1
west wing cabinet ro,4
west wing exec,10
west wing g57,1
west wing ground flo,1
west wing lobby,10
west wing lobby and,6
west wing lobby/cabi,1
west wing lobby/roos,6
west wing lower suit,3
west wing mess,19
west wing navy mess,34
west wing north driv,2
west wing oval offi,20
west wing oval offic,13
west wing press offi,1
west wing situation,5
west wing suite,1
west wing tour,1
west wing upper suit,4
west wing wardroom,9
west wing white hou,4
west wing whsr,3
west wing whsr exec,9
west wing whsr smal,1
west wing ww situat,5
west wing/ east wing,3
west wing/ oval offi,7
west wing/res,1
west wing:,10
wh,17
wh - res,1
wh 121,1
wh 122,2
wh 129ab,1
wh 178,9
wh 25,3
wh clinic,1
wh east room,2
wh enter w,4
wh exec,1
wh g-72,4
wh holiday tour,3
wh med unit,1
wh medical,2
wh mess,77
wh mess (ww),1
wh mess/ww,1
wh navy mess,15
wh navy mess + ww g-,2
wh navy mess - west,3
wh pebble beach,2
wh pebble peach,1
wh physician office,1
wh res clinic,1
wh res eas,1
wh res east room,2
wh res south lawn,9
wh residence and sta,12
wh situation room,11
wh state f,7
wh state floor & eas,9
wh state floor and e,1
wh west wing navy me,1
wh whsr,18
wh ww lobby,5
wh ww navy mess,2
wh ww whsr exec co,4
wh-132,1
wh-res,2584
wh-res. south lawn,751
wh/eeob/neob,1
wh/ww,1
wh212,1
whit,1
white hous,32
white house,3
white house eeob ind,1
white house mess,4
white house navy mes,3
white house res phys,6
white house residenc,20
white house situatio,153
white house tour,3
white house ww whs,10
whmo,2
whmo hq,5
whmo offic,3
whmo office,7
whmo secur,8
whmo security,1
whmo security 3rd f,7
whmo security office,1
whmo south,2
whmo/flotu,2
whmu,113
whmu - 97,1
whmu 97,49
whmu clini,3
whmu clinic,9
whmu clinic / rm 94,6
whmu clinics,8
whmu eeob,2
whmu office,1
whmu residence clini,2
whmu rm 97,5
whmu room,3
whmu-92,1
whnl,31
whres,1
whsr,3014
whsr & chief of staf,2
whsr - jfk,18
whsr - wes,3
whsr breakout,2
whsr breakout room,2
whsr confe,1
whsr exec,323
whsr exec - ww,3
whsr jeh,1
whsr jfk,174
whsr jfk c,2
whsr jfk w,2
whsr jfk ww,4
whsr pending,1
whsr situation room,1
whsr small,48
whsr small conferenc,3
whsr sms,17
whsr sms large,9
whsr tbd,1
whsr ww,76
whsr- exec,3
whsr- jfk,4
whsr-exec,8
whsr-jfk,1
whsr-ww exec,16
whsr/ww,17
will not enter build,6
wshr,6
wsr exec,3
wt9,4
ww,3046
ww & resid,21
ww & rose,52
ww & south lawn,3
ww (nsa office),2
ww - 132,1
ww - 221,8
ww - 225,23
ww - apnsa,10
ww - apnsa office,9
ww - cabin,18
ww - cabinet,5
ww - cabinet room,22
ww - cabinet roon,1
ww - chief,1
ww - g74,7
ww - g75,1
ww - jfk,10
ww - jfk room,22
ww - lower press,1
ww - lowersuite,3
ww - navy,1
ww - navy mess,44
ww - navy mess dinin,1
ww - nsa sullivans,2
ww - nsas office,2
ww - oval,29
ww - oval office,33
ww - pdnsa office,1
ww - pebble beach,3
ww - press briefing,2
ww - res @ navy mess,2
ww - room 144,1
ww - roose,11
ww - roosevelt,19
ww - roosevelt room,114
ww - rr,19
ww - several offices,1
ww - sit r,2
ww - sitro,3
ww - sitroom,1
ww - situa,2
ww - situation room,10
ww - upper press,3
ww - usn mess,1
ww - vp office,8
ww - vpo,1
ww - vps office,2
ww - ward room,11
ww - white,10
ww - white house mes,3
ww - whsr,126
ww - whsr jfk,8
ww - whsr suite - jf,2
ww -- whsr,11
ww -225,1
ww / navy mess,1
ww / state,6
ww / wh mess,2
ww 1-a,3
ww 1-b,13
ww 1-c,10
ww 10 firs,1
ww 100,10
ww 101,2
ww 106,63
ww 108,11
ww 112,1
ww 113,5
ww 117,3
ww 120,45
ww 121,191
ww 122,1396
ww 123,3
ww 124,10
ww 124- co,1
ww 126,49
ww 130 b,1
ww 131,6
ww 132,985
ww 132 a,28
ww 132 ee,1
ww 140,194
ww 140 upper press,7
ww 141,7
ww 144,1
ww 145,101
ww 152,138
ww 153,74
ww 160,1
ww 18,8
ww 1st floor,20
ww 1st floor lower s,1
ww 1st floor nsa of,1
ww 2 floor,2
ww 201,1
ww 202,124
ww 203,6
ww 205,150
ww 206,139
ww 206 and oval offi,2
ww 206/20,70
ww 206/207,17
ww 206/208,47
ww 208,30
ww 208/206,1
ww 209,420
ww 210,963
ww 211,42
ww 212,233
ww 213,562
ww 214,34
ww 215,22
ww 216,2
ww 217,413
ww 217 / res blue ro,4
ww 218,12
ww 220,3
ww 221,935
ww 221 + s,3
ww 223,121
ww 224,7
ww 225,174
ww 226,1
ww 230a,4
ww 292,1
ww 2nd floor,27
ww 40,3
ww 44,1
ww 47,4
ww 48,1
ww 66,1
ww 67,14
ww 72,6
ww 74,2
ww and eeob,4
ww and ew,5
ww and exec res,12
ww and res,11
ww and state floor,3
ww apnsa office,11
ww apnsa s,5
ww apnsa's office,7
ww apnsas office,4
ww awning,2
ww brady briefing ro,36
ww briefin,55
ww briefing room,20
ww cabinet room,80
ww colonnade,3
ww cos,7
ww cos office,4
ww digital office,5
ww dining room,1
ww east r,1
ww east ro,1
ww east room,16
ww east roomn,2
ww entry,2
ww ew,5
ww ew exr,1
ww ew re,5
ww ew res,1
ww ex-res ew,2
ww exec,6
ww exec conference r,14
ww floor 2,1
ww floor1,1
ww g 37,3
ww g 50,6
ww g-37,5
ww g-58,1
ww g-72,42
ww g-72 and navy mes,1
ww g-72 and ward roo,14
ww g-72 and/or ward,6
ww g-72 and/or ww wa,4
ww g-74,184
ww g-74 nsc lower su,1
ww g-74 or whsr,9
ww g137,5
ww g37,41
ww g40,14
ww g47,337
ww g48,59
ww g49,9
ww g50,185
ww g58,1
ww g59,22
ww g62,2
ww g66,40
ww g67,2
ww g68,5
ww g68 &,4
ww g68 & e,1
ww g72,2
ww g74,120
ww g74 - lower suite,3
ww g74 lower suite,1
ww g78,1
ww gg 74,1
ww gh,1
ww ground floor,14
ww ground floor 784,1
ww hsa off,3
ww jeffs office,1
ww jfk,39
ww jfk conference ro,16
ww jfk room,8
ww lobby,1132
ww lobby &,13
ww lobby and oval of,7
ww lobby oval office,2
ww lobby/dip room,2
ww lobby/w,1
ww lower lobby,5
ww lower press,44
ww lower suite,8
ww mess,96
ww mess dining room,1
ww mess pick up,2
ww mess staff dining,1
ww navy me,3
ww navy mess,707
ww navy mess dining,52
ww nay mess,3
ww nm,1
ww north l,2
ww nsa sui,1
ww nsa sul,1
ww nsc 101,4
ww nsc sui,1
ww nsc suite,2
ww nsc upper suite,3
ww ods,4
ww onsa,2
ww oval,54
ww oval a,1
ww oval o,34
ww oval of,56
ww oval office,88
ww oval roosevelt,16
ww oval su,1
ww pdnsa office,2
ww pdnsa suite,4
ww pebble,4
ww pebble beach,75
ww photo o,1
ww post e1,10
ww press,7
ww press b,6
ww press briefing ro,60
ww press office,1
ww re-clear,2
ww res,13
ww rm 132,2
ww rm#140,1
ww rm210,1
ww room 122,1
ww room 13,1
ww room 20,1
ww rooselvelt room,21
ww roosev,21
ww rooseve,158
ww roosevelt,2
ww roosevelt room,471
ww roosevelt roomn,1
ww rose garden,3
ww rr,11
ww sit roo,1
ww sitroom,81
ww situat,8
ww situati,55
ww situation room,135
ww situation room s,1
ww small,4
ww small conference,1
ww south lawn,6
ww state p,2
ww tour,120
ww tour - correcting,1
ww tour - merge,3
ww tour reclear,10
ww upper nsc suite,1
ww upper press,27
ww upper suite,23
ww vip lob,2
ww vp,22
ww vp off,4
ww vp offi,6
ww vp office,9
ww vp office also e,7
ww vpo,1
ww vps office,1
ww ward ro,8
ww ward room,79
ww west ex,1
ww wh lobb,1
ww wh mess,5
ww white,5
ww white h,4
ww white house mess,6
ww white house messi,4
ww white house navy,1
ww white house situa,1
ww whsr,557
ww whsr breakout roo,1
ww whsr co,1
ww whsr e,44
ww whsr ex,49
ww whsr exec,55
ww whsr j,7
ww whsr jf,5
ww whsr jfk,7
ww whsr small,13
ww ww lobb,33
ww | roosevelt room,6
ww- 132,2
ww- 225,1
ww- apnsa office,2
ww- apnsa suite,4
ww- cabinet,1
ww- navy m,1
ww- navy mess,6
ww- oval o,1
ww- roosev,2
ww- staff dining roo,1
ww- white,4
ww- whsr,9
ww- whsr exec,4
ww-132,300
ww-133,2
ww-152,1
ww-16,2
ww-208,3
ww-210,6
ww-218,2
ww-74,5
ww-cabinet room,5
ww-g48,1
ww-g74,22
ww-navy mess,29
ww-nsa office,7
ww-pdnsa office,2
ww-roosevelt room,6
ww-rr,21
ww-vpotus,1
ww-ward room,5
ww-white h,2
ww-whsr,57
ww-whsr exec,12
ww/ comms room,2
ww/124,1
ww/145,8
ww/210,2
ww/212,2
ww/221,2
ww/cabinet room,1
ww/cos 122,1
ww/ew,2
ww/lobby,7
ww/navy me,2
ww/navy mess,24
ww/navy mess and eeo,2
ww/oval of,1
ww/res,1
ww/rm68,1
ww/room 132,7
ww/rooseve,5
ww/roosevelet room,8
ww/roosevelt room,4
ww/rose ga,17
ww/sit roo,1
ww/sitroom,7
ww/situati,4
ww/vp ofc,2
ww/vp office,1
ww/vp ww office,5
ww/vpo,1
ww/vpotus ofc,1
ww/vpotus office,14
ww/vpotus ww ofc,3
ww/west wing lobby,5
ww/whsr,16
ww/whsr ex,15
ww100,2
ww103,1
ww106,1
ww108,6
ww116,5
ww12-,1
ww120,230
ww121,282
ww122,98
ww124,487
ww126,10
ww130,1
ww132,121
ww140,47
ww145,91
ww152,37
ww153,247
ww18,92
ww180,8
ww1a,2
ww1b,2
ww1st floor,8
ww2,3
ww201,8
ww202,134
ww203,2
ww205,262
ww206,309
ww207,9
ww208,30
ww209,84
ww210,50
ww211,75
ww212,70
ww213,251
ww214,7
ww215,6
ww216,6
ww216/navy mess,2
ww217,32
ww218,79
ww220,3
ww221,32
ww223,19
ww225,15
ww36,2
ww37,114
ww40,1
ww48,85
ww49,5
ww66,14
ww67,3
ww68,6
ww74,1
ww76,2
ww: 108,8
ww: apnsa suite,1
ww: lobby,36
ww: oval,55
ww: oval a,11
ww: oval e,1
ww: oval o,16
ww: roosev,180
ww: west w,3
ww: whsr,2
ww: ww lob,30
ww_whsr,1
wwfl1,3
wwflr1,4
wwg37,47
wwg40,10
wwg47,28
wwg49,3
wwg50,58
wwg59,1
wwg68,1
wwg74,47
wwlobby,2
wwmess,52
wwob sow 236,2
wwsr,1
wwt,123
wwt reclear,3
wwtour,4
NA,7
