Visitee First Name,n
#CTC,1
10th,1
Aaron,138
Abaigeal,32
Abbey,9
Abdullah,37
Abegael,20
Abigail,46
Abraham,15
Abram,37
Access,6
Adam,303
ADAM,1
Adanto,5
Adele,17
Adeline,23
Adis,38
Aditi,61
Admir,47
Adreanna,11
Adrian,84
Adrienne,26
AG1,4
Ahmad,22
Aiden,7
Ainikki-Helena,48
AirOps,2
AIROPS,1
Aisha,42
Alan,1
Alana,16
Alanna,17
Alea,150
Alec,10
Alegra,3
Alejandra,148
Alejandro,130
Aleksas,2
Alen,6
Alena,2
Alex,169
Alexa,27
Alexander,324
Alexandra,478
Alexandria,1
Alexia,65
Alexis,25
Alfreda,2
Ali,213
Alia,270
Alice,42
Alicia,268
Alisa,18
Alisha,11
Alison,26
Alister,82
Alivia,41
Aliyah,38
Allan-Rey,28
Allen,81
Allen-Rey,1
Allie,9
Allison,88
Ally,14
Allyce,11
Allyson,32
Alma,12
Alondra,147
Alton,26
Alvaro,1
Alysha,5
Alyssa,41
ALYSSA,3
Amalia,37
Amana,7
Amanda,5328
AMANDA,37
Ambassador,5
Amber,103
Ambika,14
Amelia,136
Ami,40
Amie,4
Amiel,37
Amir,38
Amira,165
Amit,75
Amos,8
Amrit,62
Amy,359
Ana,406
Anabel,6
Analia,74
Anastasia,25
Andre,38
Andrea,194
Andres,46
Andrew,678
Andy,146
Angela,195
ANGELA,1
Angelica,30
ANGELICA,2
Anil,8
Anissa,14
Anita,26
Anjali,35
Ankit,11
Ann,56
Anna,244
Anne,769
Anneli,7
Annen,1
Annie,4
AnnMarie,9
Anny,6
Anshul,34
Anthony,303
ANTHONY,12
Antonia,4
Antonio,27
AP,24
APHSA/Caitlin,6
APNSA,218
APNSA-OVP,1
April,33
Araoluwa,3
Arati,32
Araz,17
Areeb,9
Areletha,61
Ariana,67
Arianna,30
Arielle,16
Arjun,37
Arlene,6
Aron,3
Arpit,8
ARPIT,1
Arturo,28
Arvind,13
Asad,63
ASAIC,3
Ashish,33
Ashley,547
ASHLEY,1
Ashlie,4
Ashlyne,23
Asija,7
Asjia,191
Asma,54
Athanassios,17
Athena,4
Atissa,10
Audra,12
Audrey,404
Aurelia,8
Austin,208
Avery,8
Avital,8
Aviva,29
Avril,1
Aya,4
Azza,4
B,1
Badge,14
BADGE,1
Badging,3
Barbara,410
Barry,11
BC,2
Beatrix,3
Beaukin,6
Becci,8
Bechara,2
Becky,133
bell-Carter,1
Belloc,14
Ben,18
Benjamin,327
Bernice,16
Bertram,7
beth,1
Beth,73
Bethany,63
betsy,1
Betty,81
Beyza,26
BG,2
Bharat,48
Bhavesh,11
Bianca,9
Bich-Thuy,18
Bill,6
BILL,5
Billy,8
Bindi,41
Blair,22
Blake,180
Bob,3
Bonnie,78
Boyd,1
Brad,11
Bradley,188
Brandan,29
Branden,10
Brandon,74
Brandun,5
Break,1
Breanna,12
Brenda,118
Brendan,120
Brenna,14
Brennan,6
Brent,17
Brett,825
Brian,593
Brianna,43
Brianne,1
Bridget,47
BRIDGET,1
Brig,2
Brisha,3
Brittany,146
Brittney,14
Brooke,69
Bruce,36
Bryan,70
BRYAN,1
Bryanna,16
Bryant,60
BryShawna,29
Byron,8
Cabinet,1
Cailin,24
Cait,101
Caitiln,1
Caitlin,1088
Calvin,8
Cameron,30
Camille,27
Cammilla,22
Campbell,4
Candace,1298
CANDACE,786
Capt,6
CAPT,7
Capt.,2
CAPTAIN,2
Cara,524
CARA,2
Carahna,1
Carissa,158
Carl,1
Carla,22
carli,1
Carli,28
Carlo,1
Carlos,22
Carlton,5
Carly,20
Carmel,45
Carmen,67
Carol,3
Carole,37
Carolina,1
Caroline,742
CAROLINE,15
Carolyn,11
Carrie,43
Carroll,10
Casey,73
Cassandra,13
cat,1
Catharine,165
Catherine,676
Cathy,7
Catrina,4
Cecilia,93
Cedrc,1
Cedric,268
Celeste,27
Celestrea,6
Ch,1
chad,1
Chad,83
Challacombe,5
Chanan,83
Chandana,21
Chandler,5
Chantry,1
Chanyang,18
Charissee,10
Charito,12
Charles,354
CHARLES,31
Charlie,9
Charlotte,90
Chelsea,39
Cherylene,3
Chief,13
Chiraag,32
Chirag,76
Chloe,20
Chris,142
Christen,13
Christi,25
Christian,79
Christiana,37
Christin,24
Christina,223
Christine,4
Christopher,560
Chuck,1
Cindy,1
Clair,21
claire,1
Claire,46
Claire-Ellen,25
Clare,88
Clarence,9
Claris,9
Claudia,1172
Clay,11
Clayton,43
Clinic,2
Clint,1
CMC,1
CMSgt,4
Co,2
Cody,24
Col,16
COL,63
Colby,39
Cole,81
Coleen,21
Colette,5
Colin,11
Colleen,2
Colonel,1
COLONEL,2
Comer,5
Communications,1
Conley,1
Conner,1
Connolly,12
Connor,167
Conrad,39
Constantinos,17
Coord.,37
Coordinator,1
Coqui,222
Cora,100
Corey,330
Cori,35
Corina,3
Corinna,63
Cory,12
Coulton,2
Courtenay,53
Courtland,6
Courtney,60
Covid-19,83
COVID-19,2
CPt,1
CPT,56
Craig,264
Crede,13
Criseta,4
Cristeta,9
Cristin,2
Cristina,4
Cristobal,8
Crystal,10
CS1,1
CSC,2
CSCM,1
CSCS,8
Curtina,8
Curtis,183
CW3,8
CW4,21
Cy,24
Cynthia,140
Daannia,3
Daenuka,44
Daisy,5
DAIVD,1
Dakota,4
Dale,3
Daleep,100
Dalmyra,29
Damiana,8
Damon,1
Dan,4305
DAN,1
Dana,130
Danaujzia,1
Daniel,546
DANIEL,7
Daniela,3
Daniele,60
Danielle,912
DANIELLE,1
Danny,59
Dara,23
Darcy,20
Darin,4
Darius,75
Daron,23
Darren,47
Darryl,1
Darya,4
Dashiell,1
Dave,8
David,2704
DAVID,138
Davon,7
Dawn,7
Dayrone,1
DAYRONE,2
DC,4
Dean,7
DEAN,1
Deanne,11
Dear,67
Deborah,24
Debra,13
Decontrol,1
Deena,3
Deerin,8
Deidre,19
Delcoco,3
Della,10
DeMarcus,9
Demetre,1
Demetria,6
Demetriana,14
Denice,209
Deniece,52
Denise,24
Dennis,19
Derek,141
Deshara,20
Detrus,2
Devin,29
Devon,208
Devontae,1
Devonte,1
Dewey,8
Dhara,1
Diana,47
Diane,76
Diego,10
Dilpreet,1
Dinesh,6
Dinsmore,2
Divya,58
Dixe,14
DNSA,40
Dominic,43
Dominique,42
Don,1
Donald,8
Donna,31
Donnell,7
Donovan,18
Dorian,32
Dorie,2
Douglas,23
DOUGLAS,1
Dr.,143
Dravidi,4
Drenan,7
Drew,206
DREW,1
DSAIC,5
Dustin,52
Dwayne,3
DWHMO,9
Dwight,21
Dylan,72
Eamon,22
Ebenezer,2
ed,30
Ed,6898
Edgar,29
Edgard,24
Edna,9
Eduardo,33
Edward,26
Edwin,8
Eileen,116
Elaine,122
Eliana,7
Elidon,4
Elijah,1
ELIOTT,1
Elisabeth,35
Elise,3
Elizabeth,528
Elke,159
Ella,35
Ellen,44
Elliott,8
Ellison,7
Elnigar,1
Elvir,31
Emily,437
Emma,17
emmary,1
Emmy,63
Enoch,1
Eraina,17
Eric,1288
Erica,220
Ericka,8
Erik,5
ERIK,2
Erika,979
Erin,64
Ernesto,195
Essence,14
EST,1
Esteban,125
Esther,26
Ethan,1
Etienne,31
Eugene,13
Eun,6
Eva,12
EVA,1673
Evan,385
Evelyn,3
Ezell,2
Ezinne,96
Ezra,11
Fabiana,42
Faisal,2
Faith,91
FAITH,2
Farhana,8
Faris,17
Farnoosh,3
Farrah,54
Fasano,2
Fatima,2
Felicia,2
Felicity,13
Felix,2
Fiona,48
First,4
Florencio,2
flotus,2
Flotus,6
FLOTUS,582
FLOTUS/Julie,24
Fonda,5
Fort,3
Fran,9
Frances,29
Francesca,4
Francis,24
Frank,37
Franklin,1
Fred,1
G.,1
Gabby,3
Gabe,86
Gabi,1
Gabriel,157
Gabriela,92
Gabriella,55
Gabrielle,790
Gail,1
Garland,1
Garrett,50
Gary,26
GARY,1
Gautam,77
gelfond,1
Gelila,28
Gender,1
Gene,24
George,9
GEORGE,12
GEORGENE,1
Georgia,130
Gerald,1
Geraldine,39
Gerard,6
Gershom,147
Gevin,133
Ghil,10
Gianna,489
Gil,1
Gillian,18
Gilvonna,14
Gina,109
Gionelly,805
GIONELLY,75
Giselle,1
Glenn,1
Glorimar,7
Golar,18
Gopi,9
Gordan,20
Gordon,8
Governor,1
Grace,57
Graham,3
Grant,174
Greg,9
Gregg,38
Greggory,127
Gregory,308
Gretchen,232
Grisella,2
Groslyn,51
Gwyneth,16
GySgt,3
Hai,1
Haley,225
Halle,54
Hanako,12
Hannah,816
Hans,2
Hari,78
Harin,101
Harold,28
Harrison,13
Harry,52
Hauwa,17
Hayley,6
Hazel,133
Heather,137
Hedieh,3
Hee,12
Heidi,6
Helaina,22
Helena,195
Help,1
Henrietta,167
Henry,8
Herbert,52
Hester,5
Hila,151
Hilary,22
Hillary,52
Hina,10
HM1,9
HOH,4
Holli,14
Holly,4
Homa,62
Homeland,1
Hoor,268
Hope,5
Houston,1
Howard,66
HRD,1
HSA,4
HUD,2
ian,2
Ian,245
ID,4
Idris,1
Ignacioleray,1
Ike,14
Imani,4
Inglis,3
Insp.,2
Inspector,1
INSPECTOR,7
Iraida,8
Iran,61
Iranga,25
Irene,5
Iris,23
Isa,5
Isabel,47
Ishan,2
Ismael,107
Isra,28
IT,4
IT/OA,1
Ivan,3
Jack,10
Jackson,177
jaclyn,39
Jaclyn,155
Jacob,124
Jacqlene,16
Jacqueline,82
Jacquelyn,95
Jacqui,3
JAENSEN,12
Jagir,14
Jahi,29
Jaime,4
Jaimie,12
Jake,680
Jaleel,1
Jalen,8
Jalonne,4
Jamal,36
Jamara,16
JaMarcus,1
james,33
James,367
Jamie,86
Jamison,37
Jamshed,3
Jana,478
Jane,5
Janelle,10
Janet,4
Janice,101
JANICE,95
Jared,60
Jasmine,196
JASMINE,853
Jasmine/KP,1
Jasmyne,1
Jasnaaz,2
Jason,306
Javier,9
Jay,123
JAY,1
Jayne,58
Jayni,6
JC,9
JD,10
Jedidah,8
jeff,3
Jeff,82
Jefferson,67
Jeffery,5
Jeffrey,242
Jelena,1
Jen,171
Jenifer,3
Jenn,10
Jenna,13
Jennarose,20
Jennie,2
Jennifer,824
Jenny,1
Jepera,4
Jeremiah,11
Jeremy,59
Jerome,1
Jerry,8
Jess,3
Jesse,64
JESSE,11
Jessee,12
Jessica,600
Jessika,1626
JESSIKA,2
Jesus,4
JG,25
Jill,89
Jim,90
Jinanshu,8
Jing,141
Jo,1
Joanna,124
Joanne,6
Jobie,4
Jocelyn,32
Jody,1
Joe,7
Joel,72
Johannes,7
john,7
jOHN,8
John,1638
Johnny,2
Jomar,17
Jon,790
Jonah,121
Jonathan,318
Jonathon,3
Jonny,1
Jordan,265
Jorge,41
Jose,174
Joseph,345
Josh,65
Joshua,1050
JOSHUA,6
Jovanna,2
Joy,281
Joyce,8
Juan,715
JuanGonzalez,2
Judd,13
Jude,4
Judith,99
Judy,8
Julia,93
Julia-Grace,7
Julian,13
Juliana,27
Julianna,12
Julianne,7
Julie,839
JULIE,1
Julien,4
Julissa,9
Juschelle,361
Justin,426
JUSTIN,2
Justina,7
Juvonny,1
JUVONNY,1
Kailash,26
Kailey,16
Kait,1
Kaitlin,15
Kaitlyn,80
Kaleb,99
Kara,1
Kareema,90
Karen,37
Kari,9
Karin,201
Karine,2
Karl,6
Karly,76
Karthik,43
Kartik,1
Kate,90
Katelyn,5
Katharine,635
Katherine,381
Katheryn,1
Kathi,93
Kathleen,10
Kathrine,17
Kathryn,11
katie,1
Katie,446
KATIE,13
Katrien,22
Katrina,8
Katy,21
Keaira,3
Keana,6
Kedenard,1
Keenan,2
Kei,154
Keisha,19
Keith,3
Kelli,75
Kelliann,61
Kelly,291
Kelsey,129
Kemba,44
Kemp,1
Ken,2
Kendall,152
Kenneth,7
kenon,1
Kenon,40
Kent,21
Kenyatta,33
Kerrie,13
Kerry,26
KERRY,2
Keshav,7
Kevin,5169
KEVIN,3
Keziah,75
Khanya,73
Kim,65
Kimairys,1
Kimberley,18
Kimberly,933
Kimberrley,1
Kimi,5
Kirsten,28
Kirstin,1
Kolakowski,6
Konstantin,5
KP,7
Krishna,35
KRISHNA,1
Kristen,2
Kristi,3
Kristie,6
Kristina,23
Kristine,5
Kristofer,21
Kristy,19
Krisztian,24
Krystal,37
kurt,1
Kurt,124
Kyle,172
Kylie,29
Ladan,10
Lala,52
Lalitha,43
Lamar,5
Lance,73
Landon,34
Lara,3
Larry,5
LaShawn,2
LaShawna,7
Latesha,35
Lateshia,2
Latifa,5
Latore,1
Laura,250
LAura,2
Laurel,22
Lauren,159
laurence,1
Laurence,2
Laurie,3
Laurie-Ann,18
Lauryn,8
Lav,5
Lawrence,32
LCDR,26
Lea-Ann,7
Leah,11
Leandra,3
Lee,9
Leetha,60
Leidy,19
Leila,63
Lelovi,3
Lemuel,5
Lena,38
Leonard,6
Leroy,4
Les,1
Lesley,13
Leslie,44
Leticia,1
LEVI,59
Libby,15
Lidia,129
Lilian,320
Lillian,142
Lily,31
Lina,51
Linda,292
Lindsay,13
Lindsey,90
Lionel,2
Lis,1
Lisa,550
Lise,18
Lissette,121
Liyan,8
Liz,220
Liza,4
Loralei,28
Lorand,1
Loren,10
Lorenzo,18
Lori,3
Lorne,39
Lorraine,13
Lou,8
Louis,61
Louisa,34
Lt,4
LT,53
LTC,52
LtCol,10
Lucas,61
Lucinda,43
Lucy,28
Luis,34
Luisa,106
Luisana,107
Lukas,39
Luke,229
Luz,48
Lydia,19
Lyndsey,4
Lyne-Robert,19
Lynn,9
Lynne,65
Madalyn,21
Madeleine,21
Madeline,250
Madhu,26
Madhurita,46
Magdalena,8
Maggie,2
Maher,197
Maia,52
Maj,30
MAJ,3
Maju,4
Mala,4
Malikat,63
Mallory,7
Manimoli,28
Manuel,7
Manuelita,134
MANUELITA,11
Marc,352
MARC,35
Marcela,2
Marco,8
Marcus,12
Margaret,89
Margo,1
Marguerite,19
Maria,14
MARIA,12
Mariah,2
Mariam,4
Mariana,202
Marie,72
Mariekrystle,5
Mariju,1
Marilis,58
Marilyn,5
Marina,471
Mario,80
Marisa,2
Marissa,51
Mark,195
Markallen,2
Marletha,2
Marshall,24
Marten,3
Martha,33
Martin,118
Marty,13
Mary,223
Maryum,7
Matt,34
Matthew,1051
MATTHEW,1
Maureen,178
Max,40
Maximilian,23
Maxwell,54
Maya,53
Mazin,11
MBX,1
Medal,2
Medha,1
Medha-Kameswari,29
Medical,1
Meera,5
Meg,10
Megan,166
Megha,90
Meghan,120
Megna,1
Melanie,94
Melissa,192
Meredith,141
Merici,15
Meril,1
michael,1
Michael,1553
MICHAEL,90
Michaela,33
Micheal,2
Michel,12
Michele,1
Michelle,128
MICHELLE,1
Miguel,9
Mikaela,122
Mike,259
Milan,38
Miles,19
Millicent,32
Mina,2
Minty,48
Minyon,3
Mipaguibe,6
Mira,8
Miranda,26
Mireille,82
Mirriam-Grace,96
Mischelle,9
Misty,4
Mitch,425
Mitchel,10
Mitchell,72
MM,1
Molly,48
Monica,85
Monte,1
Moore,7
Morgan,353
Moshtayeen,47
Mr,1
Mr.,106
MR.,6
MRC,1
Ms.,32
MSG,4
MSgt,38
Mustafa,36
Myles,1
Myra,7
N/A,2
Naaz,3
Nabil,10
"NABIL",2
Nadine,47
Nadir,2
Nadiya,3
Naeem,4
Nafeesa,2
Nagela,5
Nam,5
Namrata,16
Nancy,90
Nani,68
Naomi,39
Naranjo,2
Nasrina,26
Natalie,384
Natasha,4
Nate,13
Nathalie,22
Nathaly,355
Nathan,80
Nathanael,42
Nathaniel,26
Nathen,2
Natosha,1
Navtej,2
NEA,5
Neal,33
Neda,7
Neeharika,1
Neera,19
Negah,1
Neil,6
Neill-Clint,13
Nels,1
Neuberger,1
Nezly,398
Nia,169
Nichelle,20
Nicholas,340
Nick,10
Nickcola,15
Nico,4
Nicolas,245
nicole,13
Nicole,566
NICOLE,2
Nicolette,13
nidhi,4
Nidhi,178
Nik,31
Nikhil,20
Nikieria,1
Nikki,3
Nikky,5
Nimi,1
Nimita,101
Nina,420
nisha,1
Nisha,21
Nixon,2
Niyat,19
Noah,10
Noe,405
Nofotolu,2
Nolen,5
Noorain,5
Nora,12
Noreen,1
NSC,10
OA,1
OA/IT,1
OA/Physical,2
OKane,1
Olga,9
Oliver,67
Olivia,74
Oludayo,8
Oluwafunmilayo,1
Onika,8
Onissa,3
Opal,25
OPSO,34
Oralndo,3
Orientation,1
Orlando,18
Osaremen,39
Osasu,3
Osasumwen,38
Oscar,42
Osvaldo,10
PaaWee,247
Paige,121
Pam,6
Pamela,9
Paniz,21
Papa,28
Parry,66
pass,3
Pass,68
PASS,45
Pass/ID,1
Patricia,91
PATRICIA,4
patrick,2
Patrick,207
Paul,193
PAUL,1
Paula,122
Pauline,4
Pavan,20
PDAPNSA,5
PDNSA,196
Penny,3
Peregrine,6
Personnel,3
Peter,768
Petrina,6
Peyton,4137
PEYTON,353
PFS,1
Phil,148
philip,1
Philip,271
phillip,3
Phillip,35
Physical,3
Pili,2
PIONEER,13
PIV,3
PJ,2
PLAYMAKER,8
Pooja,5
Porter,18
potus,5
Potus,14
POTUS,12665
PPR,1
PPR/Cpt,1
Pranay,108
Prashant,42
Pratik,5
President,56
Presidential,10
Priya,35
PRIYA,1
Pronita,50
PSC,4
Puneet,272
QADREE,13
Qian,1
Quatonya,14
Que-Chi,11
Quincy,144
Quinn,28
Rabia,35
Rachael,118
Rachel,603
Rachelle,1
Radha,11
Rafael,1
Rafaela,31
Raheemah,5
rahul,1
Rahul,250
Raie,4
Raj,107
Rajesh,7
Ralph,1
Rami,9
Ramon,1
Randall,35
Randi,11
Randy,25
Raoul,2
Raquel,41
Ray,11
Rayhaan,50
Raymond,21
Rayshawn,28
Rebecca,355
Recordon,1
Reema,106
Regina,78
Remi,40
Renato,33
Renee,29
Resto-Rivera,1
Reuben,33
Rexford,18
Reynaldo,5
REYNALDO,21
Reynolds,1
Rhea,3
Rian,280
Ricardo,38
RICH,5
Richard,393
RICHARD,2
Rick,50
RICK,6
Rickford,1
Ricky,1
Riley,5
Rio,284
Rishi,6
Rissa,10
Rita,4
Rm,1
Rob,210
Robbie,1
Robert,1032
ROBERT,1
Roberto,6
Roberts,3
Robie,18
Robin,25
Robyn,26
Rochelle,7
Roderick,237
Rody,56
Rohini,75
Roland,83
Ron,19
Ronald,23
Room,2632
Roque,41
Rory,148
Rosa,17
Rosalyn,4
Rosanna,2
Rose,106
Rosemarie,43
Rosie,2
Ross,2
Rowell,13
Roxanna,77
Roxanne,16
Ruben,57
Ruby,1
Ruchi,18
Rukku,16
Rush,84
Rushabh,4
Russell,20
Ruth,88
RW,4
Ryan,705
RYAN,7
Rykia,1
SA,10
Sabrina,132
Safia,36
Sahar,57
Saharra,18
Saif,118
Sally,260
Saloni,3
Sam,59
Samantha,258
Samar,342
Sameera,140
Sami,5
Samuel,78
Sanam,528
Sandi,2
sandra,1
Sandra,74
Sanquetta,1
SAP,9
SAP/CT,7
Sara,204
Sarah,1249
Sarena,12
Sasha,71
Savannah,6
Saynab,10
Schaefer,1
Scott,45
SDO,8
sean,1
Sean,238
Sebastian,38
Second,31
Secretary,6
Security,1
Sejal,4
Selahattin,2
Senator,1
Senior,5
Seth,40
Sezaneh,61
sfc,1
SFC,58
SGT,1
Shabnam,3
Shagufta,8
Shaibya,4
Shakira,2
Shalanda,155
Shalini,27
Shani,29
Shannon,43
Shanon,3
Shanthi,10
Shanti,6
Shareena,2
Sharmistha,80
Sharon,25
Sharry,21
Shawn,14
Shawna,7
Shayla,17
Shehzi,2
Sheila,22
Shelby,158
Shelley,435
Shelly,3
Shelu,27
Sherice,114
Sherrol,10
Sherry,43
Sherwood,1
Shila,51
Shilpa,1
Shine,11
Shirin,6
Shirley,3
Shraddha,64
Shreeya,11
Shuwanza,20
Sidney,2
Sierra,13
Silas,4
Simon,11
Simone,6
Sincere,31
SMSgt,25
Social,8
Sol,59
Solis,524
Sonia,13
Sonya,7
Sophia,30
Sophie,589
Sorelle,4
Sorin,11
Sparkle,4
Sreeja,10
SSG,4
SSgt,4
Stacey,11
Stacy,257
Star,2
Starlisha,1
State,2
Stefanie,15
Steffen,39
Steffi,13
Stephanie,530
Stephen,87
Stephenne,8
Stephonn,54
Stergos,4
Sterling,6
Steve,319
Steven,263
Storm,23
STORM,13
Stuart,22
Subhan,32
Sujata,41
Sumona,142
Sung,3
Sunita,12
Surena,2
Suresh,5
Surya,9
Susan,313
Susanna,15
Suzanna,13
Suzanne,52
Swathi,29
Swati,1
sydney,1
Sydney,37
symone,1
Symone,3
Tahara,17
Tai,13
Taiwo,4
Takeia,18
Tali,12
Tamatha,2
Tanesha,1
Tanger,20
Tanner,74
Tantum,21
Tanuj,18
Tanya,12
Tara,196
Tarah,12
Tarun,1411
Taryn,35
Tasha,2
Tate,33
Teagan,14
Tech,2
Teddy,5
Teleky,1
Temim,22
Teresa,152
Tericka,2
Terrance,16
Terrence,8
Terri,94
Terry,130
Tess,44
The,4
Thelma,4
Theodore,118
Theresa,1
Thilee,3
Thomas,1025
THOMAS,61
Tia,17
Tiffany,37
Tim,107
Timothy,200
TIMOTHY,4
Tina,22
Todd,34
Tom,203
Tommy,1
Tona,26
Tony,21
Tour,1
Tozier,1
Tracey,56
Tracy,1
Travis,85
Tresa,213
Trevor,5
Trey,136
Tricia,63
Trina,15
Trisha,82
Troy,88
Tsering,20
TSgt,16
Ty,74
Tyler,17
Tyneesha,3
Ulyssa,31
Ursela,19
Ursula,116
US,1
USA,2
Ushers,3
USS,2
USSS,179
Valdez,2
Valeria,2
Valerie,9
Van,14
Vance,1
Vanessa,184
Venus,691
VENUS,664
Veronica,78
Vice,30
Vickki,5
VICKKI,1
Victor,71
Victoria,54
Vidur,11
Vidya,104
Vinay,166
Vincent,220
Viraj,25
VISITOR,2
Visitor's,9
Visitors,157794
VISITORS,90
Vistors,2
Vivek,53
VO,69
VP,31
VPOTUS,207
VPR,2
Walik,20
Walker,2
Wallis,9
walter,5
Walter,83
ward,1
Ward,539
Wayne,1159
Wells,1
Wendy,20
WH,2
WHCA,2
WHIP,1
WHIT,10
White,4
WHMO,45
WHMO/OPS,3
whmu,3
WHMU,61
WHMU--Michael,1
WHMU/COVID,1
WHO,28
WHSR,4
Wilian,5
Will,4
William,840
Willie,4
Wintta,43
WW,2
Xavier,412
XiaoQiang,156
Yael,58
Yan,6
Yash,19
Yejin,17
Yemisi,66
Yizhi,2
YN1,24
YN2,36
YNC,9
Yohannes,61
Young,6
Youshea,22
Yue,5
Yvette,5
Zach,33
ZACH,2
Zachary,65
Zack,1
Zafreen,7
Zaina,5
Zayn,20
Zehra,36
Zenas,1
Zephranie,15
Zev,9
Zoe,36
Zoraya,35
Zuzana,5
NA,42523
