VISITEE_NAMELAST,n
,2637
#ctc,3
& id,1
a,18
a field,4
abate,4
abbott,15
abdelnabi,134
abdelrahim,6
abdulaleem,5
abenes,3
abercombie,2
abercrombie,301
abercrombie & eileen laubacher,3
abercromie,2
abraham,61
acevedo,3
achanata,1
ackerman,66
acosta,44
acosta garcia,12
adair,24
adame,202
adams,17
addison,4
adhar,11
adiga,4
adler,1
admete,20
admin,1
adury,43
affairs,1
agama,18
aguilar,15
aguilera,7
aguirre,20
ahmad,389
ahmed,25
aidinoff,9
akbari,9
akee,16
akpa,1
alagic,38
alan ferguson,3
alasady,5
albanese,8
albano,1
albert,3
alcorn,54
alderman,54
aldunate,5
alec,1
alex,8
alexander,60
alexanderhoeppner,12
alfaqih,11
alfonso,60
alisha,9
aliyah,1
allen,2
almohamed,3
aloisi,7
alston,4
alstott,27
alton,18
alvarado,2
alvis,30
amanda,17
amanda sloat,5
amatos,60
ambassador,1
ambrose,16
amidan,1
amin,12
amo,111
amos,16
and,5
and flotus,11
and id,4
and sd tiffany eppelheimer,2
and sgotus,42
anderson,57
andrew,1
andrew terhall,1
andrews,10
angha,1
anim,14
ann castaneda,39
ann clark,1
anne,8
anne neuberger,13
anne yamamoto,39
anthony,2
anthony george,3
anthony wilson,5
antonio araiza,1
anzola,46
apnsa,3
apreza,135
aquirre,1
araiza,36
arceneaux,4
arguello,1
armstrong,41
arondine,8
arriola maurice,16
asa,31
asa saldivar,1
asante,2
ashby,1
ashworth,1
askins,26
asset,2
assets,2
astudilloeterno,8
atkinson,2
aure,3
austin,45
averill,43
avery,16
awad,4
awadallah,52
ayers,12
ayres,4
b deering,4
babbbrott,8
babcocklumish,4
baca,4
backemeyer,9
badge,1
badge office,4
baertsch,1
baez,54
baez alayon,166
baez gonzalez,15
bagenstos,57
bagia,73
bahran,280
bailey,24
bain,23
bains,32
bair,63
baker,197
baker and nia page,60
bakken,16
balc,143
ballen,4796
ballenger,6
baltzan,2
ban,6
band,13
banjade,5
banks,18
banner,4
barber,6
barclay,1
bargzie,26
barkemeyer,1
barkett,7
barnes,53
barnett,97
barr,1
barrett,28
barringer,1
barrios,33
barrow,3
barshalom,8
bartee,28
barto,17
bartol,161
barton,3
bates,13
bauer,25
bawa,7
baxley,4
bayless,32
bazan,5
beamer,31
bean,3
beasley,9
beatty,23
beck,149
becker,3
beckwithstanley,3
bedingfield,3
bedregal,13
beem,3
beeman,4
belkind,58
bell,49
bellcarter,7
beloved,67
ben,2
bencic,30
bender,181
bennett,12
benson,239
berengaut,10
berent,63
berg,31
berger,77
berman,6
berna,1
bernal,40
berndt,16
berner,2
berney,7
berni,114
bernstein,136
berrios,6
berry,110
berschinski,211
bershinski,6
bersin,37
beth,5
beth polley,11
bhat,22
bhattacharya,63
bhatty,28
biagi,19
bibbs,5
bibs,1
bick,74
biden,53
bies,16
bigelow,7
billings,14
billingslea,2
billingsley,1
binns,4
birnbaum,2
bishop iii,1
bitar,197
black,268
blackman,6
blair,1
blakemore,6
blancaflor,29
blanton,3
blas,2
blazek,61
blinken,2
blosser,9
boadi,1
boatman patterson,2
bobbsemple,1
bofill,1
bokhari,25
boland,201
bolds,1
bollerman,16
bon,4
bonavina,51
bonner,29
booth,18
boran,2
borges,6
botello,58
bottoms,4
bour,5
bouri,177
bousbar,129
boushey,63
bovee,3
bowman,85
boyce,6
boyd,62
bracey,9
bracken,3
bradbury,87
braese,35
brammer,1
branch,16
brann,73
branson,7
brant,2
braun,6
bravo,9
bray,3
bredow,3
brennan,188
bressler,16
brethauer,12
bretl,17
brian,20
bridge,15
brigham,7
brink,24
brister,64
bristol,464
brittany,1
brockbank,31
brodrickokereke,1
brody,3
bronstein,28
brooke,2
brooks,51
broomell,6
brosius,148
brough,10
brouse,1
brown,575
browne,95
brownwilson,6
bruce,1
bryan,14
brykczynski,7
bucci,32
bucevicius,19
buchanan,18
budzinski,1
buencilla,5
buenrostroavila,5
buetow,15
buffo,15
buland,26
bullard,14
bullers,6
bullock,1
bumb,14
bunn,13
bunney,2
burcik,1
burge,15
burgess,14
burgessgreg,1
burgessgregg,2
burgette,27
burkart,3
burke,5
burnett,42
burnham,393
burns,4
burstein,25
burt,2
burton,105
buser,4
bush,4
butash,90
buterworth,2
butler,338
butsick,7
butterworth,27
buttigieg,1
byers,934
byon,48
byrd,30
c,2
c fraser,1
caddy,3
cade,2
caesar,36
cahill,5
cahn,7
calamante,2
calderone,1
call,5
callahan,6
callanan,26
camacho,1
cameron,22
campana,61
campbell,207
canavan,46
candace,1
candiaaranibar,5
canfield,12
cannizzaro,139
cantu,1
cara,4
carabello,4
card office,1
cardenas,18
cardona,57
carey,3
carlos e,1
carmichael,1
carmon,94
carnival,94
carollo,13
carpenter,17
carr,451
carrasquillo,177
carreiro,23
carroll,38
carter,60
carton,3
caruso,25
casescott,3
casey,11
casillas,78
casimir,2
casner,8
casper,1
cassell,2
cassidy,1
cassingham,47
cassingham whsr sdo,2
castaneda,1
castillo,157
castlen,20
castro,32
cathren,7
cavell,17
cedarbaum,8
cellini,20
cerrato,85
cerrato/john,13
chabra,2
chadha,13
chafin,27
chaifetz,1
challacombe,9
champion,3
chang,74
chapman,14
charles,1
charles walters,2
charlesworth,18
charlie,1
chase,8
chasez,11
chatterji,15
chaudhry,8
chavez,31
chavis,3
cheema,32
cheese,5
chen,29
cheng,11
chesses,4
chester,5
cheung,17
chew,1
chhabra,1409
chicarella,1
chief of staff,2
childsgraham,2
chittenden,9
chiu,103
cho,41
chojkier,92
chon,78
choucair,2
chowdhury,7
christensen,50
christian,2
christiansen,11
christoher,1
christopher,17
christopher cunniff,3
chronister,5
chung,17
ciccarone,1
cichocki,1
ciecierski,13
cipriani,5
cisneros,31
citron,52
claman,5
clare,7
clark,61
clarke,107
clausen,4
clavel,18
clavin,2
clemente,44
clifford,3
clinic,7
clowney,4
coari,114
cobarrubias,18
cobb,6
coblentz,1
coburn,22
coddington,14
coffin,4
cogdell,5
cogen,11
cohen,8
col,2
col pallister,2
cole,158
coleman,24
coles,1
collins,215
coloretti,68
colton,136
colvin,3
comerford,12
commerford,1
commins,13
compton,99
condon,40
conger,1
conley,610
connolly,20
connors,1
conover,1
conrad,9
conroy,21
contractor,101
control,6
converse,2
cooch,51
cook,41
cooper,55
corbisiero,32
corcos,58
cortez,7
corvin,12
costa,20
costello,15
cotter,48
cotthoff,6
cotton,24
courtney,8
covid,5
coward,1
cox,27
coyle,13
cramer,1
crandell,32
cranford,1
cravaritis,9
crawford,23
creasap,3
creedon,13
cremisio,4
cremmins,49
crews,6
crissman,4
cristobal,1
crittendon,3
croce,2
crocker,6
crockett,24
cronin,185
cross,3
crotty,14
crowder,141
crowe,2
crowley,1
croxton,32
crumbley,10
crumbly,7
crump,32
ct,10
culea,19
cullen,2
cummingmeininger,2
cummings,58
cunniff,12
cupero,32
cureton,7
curtin,1
cusack,5
cutrikohart,31
cychosz,112
czin,10
d,2
d askins,2
d smith,1
da silva,3
dahl,7
dahlgard,1
dahlquist,5
dahn,9
dailey,2
dalal,6
dalton,2
dambrosio,10
damis,56
damore,5
danaujzia,2
danaujzia carabello,31
danberg,6
danielle,10
danielle williams,2
daniellemillones,1
daniels,145
dansky bari,16
daphnis,17
daphnis/dustin brown,2
darcangelo,24
darrin,1
darryl,1
das,80
daskalakis,1
daux,3
davenport,6
david,1
davida,58
davila,2
davin,107
davis,156
davisba,4
davischristian,4
dawkins,20
dayrone,14
dayrone henry,6
de,31
de los santos,13
de puy,39
dean,28
deblancknowles,31
decesaro,426
dechmerowski,2
decker,13
deeks,6
deering,36
deese,262
deforest,25
defrias,1
deguzman,9
dehler,7
delacruz,139
delcoco,1
delcuadrozimmerman,17
delery,21
delmonico,2
delrue,4
demers,6
deming,64
demirdjanrivest,3
demirdjianrivest,18
demots,18
demps,2
denaro,36
denney,16
dennis,19
dennison,32
dent,10
deora,18
depaolis,33
deparle,12
derbes,3
derfner,3
dermody,1
derusha,44
desch,98
desk,1
desroches,19
deutsch,18
deveau,2
devermont,13
dews,75
dhongthog,20
diaz,68
dickerson,6
dickson,346
didlo,4
dieckhaus,45
dieckhause,71
diedrick,6
dien,234
dietrich,166
dimmick,10
dinesh,28
dingee,2
dinkelsmith,95
dinsmore,5
director,5
directorate,1
dirksen,540
dixon,2
dnsacet,4
dnucan,2
dodin,77
doiron,95
domino,4
domnitz,19
donaghey,1
donahue,25
donate,5
donatelli,9
donelson,8
donilon,813
donnell cathren,3
donohue,54
donovan,81
dooley,12
dorgelo,2
doriott,2
dornbush,206
dorsey,42
doshi,130
dosunmu,3
dotter,3
doug mcnair,1
dougherty,12
downey,1
downing,30
doyle,543
dragseth,103
dragseth / puneet khan,21
dragseth/puneet khan,1
drake,25
drew,5
driscoll,27
droege,5
droggitis,29
duarte,12
duax,9
dube,2
dubon,1
dudley,7
duffy,14
dugas,71
dukovich,4
duncan,129
dunderdale,15
dunn,57
duplaga,3
dupree,7
duran,85
durante,6
durga,5
durkovich,441
duson,12
dutan,9
duval,20
dwhmo,6
dwight,1
dwyer,94
dyer,3
dyson,28
e,1
e roddy,5
e tozier,2
easter,3
eastham,12
ed teleky,3
edgerton,75
edward,1
edwards,51
egbewole,66
eglovitch,2
ehrick,7
eichner,239
eisemann,91
eisenhauer,12
elias,21
elizabeth,39
elizabeth polley,2
elizondo,3
elkhouri,17
elledge,8
eller,24
ellis,6
elmergawi,63
elmore,6
embree,3
emhoff,2
emmary,1
emory,2
endicott,48
eng,60
english,3
ennis,223
enriquez,3
epner,82
eppelheimer,22
epstein,2
erb,5
ericka,1
erwin,1
escobar,3
escobar alava,2
escobaralava,48
eskenazi,19
esko,4
estrada,29
eswood,48
etienne,16
etim,139
eussen,18
evans,215
event,13
everett,4
everette,36
everette athena glymph,4
ewing,54
f,2
fabina,28
fabrycky,59
faderin,8
faezimarian,3
fairchild,3
fairfax,20
fairweather,1
fakory,10
falasca,4
falk curtin,1
fallon,2
falvey,26
fama,22
farley,3
farmer,5
farnsworth,42
farooqi,1
farrar,63
farrell,56
fasano,315
fazili,140
feagans,54
feasley,7
feldman,38
feldmann,40
felker,3
fenton,22
ferguson,5
fernandes,3
ferren,10
feuerstein,21
fields,13
fieldsmeyer,37
figarella,1
figueroa,320
filipic,12
filpi,1
finch,1
finer,871
finer and anne neuberger,25
finer and liz sherwoodrandall,16
finer and mike pyle,5
finer cos ried acting sd miller,2
finkelstein,227
finley,10
finnegan,11
finney,307
fischietto,17
fisher,100
fitzer,2
fitzgerald,29
fitzpatrick,90
flaherty,42
flegel,4
fleites,1
fleming,2
fletche,1
fletcher,8
fleurence,52
flickinger,4
floor,1
flores,4
flotus,1294
flournoy,21
foltz,4
folwell,3
fong,107
fontanez,111
fontenot,3
forbes,1
ford,12
forni,1
forrest,20
forrester,24
fossett,41
franceski,13
francis,2
frank,15
franklin,20
fravel,13
fredell,7
freeland,1
freeman,93
freshwater,10
fricchione,6
frick,8
friedersdorf,32
friedlander,6
friedler,4
frisk,45
fromstein,40
fu,195
fuchs,10
fuentes cruz,12
fuka,27
fuldauer,30
fuller,23
fulmer,19
fumagalli,8
funderburke,4
furnagiev,9
gabriel galace,29
gagner,3
gahan,11
gaines,31
gainey,22
galer,14
gallegos,7
gallishaw,8
galvin,31
gammache,1
ganahl,2
gao,1
garcia,96
gardenmonheit,12
gardiner,20
garg,15
gargeya,29
garner,198
garrett,2
garrett hoffman,2
garufi,2
gary,21
gaskins,29
gastfriend,31
gaynor,1
geis,5
geist,7
gelfond,194
geller,1
geltzer,254
geltzer and tiffany eppelheimer,4
gen hoffman,2
gendron,2
gene,2
gensmer,123
gentleman,31
gentry,30
gerard,2
gerheim,13
germ,1
gerwin,122
gessesse,4
gewirtz,6
geyer,36
ghaffarian,3
ghavalyan,4
ghua,4
giammarella,23
gibbs,20
gibson,13
gildea,3
gilliland,14
gilmore,9
giltner,1
gimbel,33
gina,2
gingold,2
gingrich,74
ginn,5
gins,1
gionelly,781
gleason,9
glen,1
glisson,10
glisson holly,1
gliwa,6
glock,18
glymph,4
goda,9
goddard,164
goepfert,6
goff,20
goffena,6
gokay,1
golden,40
goldensohn,2
goldizen,1
goldman,51
goldstein,40
gomez,2
gomezmartinez,10
gonzales,62
gonzalez,1068
gonzalez/omb,6
gonzalezrothi,43
good,63
goode,1
goodhue,1
goodman,10
gordon,174
gorman,86
granholm,1
grant,39
grantz,2
graves,5
gray,15
grays,12
greco,23
green,392
greenbaum,8
greene,138
greene & chris mcguire,4
greenspan,432
greenstein,13
greenwood,16
griffin,32
griffiths,13
grigsby,11
grippando,5
grosnicklaus,1
grosser,57
grossnicklaus,2
groth,6
groum,193
grove,342
grube,21
gruber,3
guerra,23
guerrero lopez,12
guggenheimer,1
guha,138
guhin,6
guillen,33
gullion,137
gupta,301
gurler,26
gursel,36
gustafson,80
guy,3
guyton,218
ha,214
haas,18
hafeez,57
hagan,2
haggard,41
haggray,127
hahn,10
haines,1
hall,13
haller,9
hallett,53
halpert,7
halton,13
hamilton,12
hamlett/edith,2
hammer,3
hammerschmidt,425
hammy,2
handa,6
haney,3
hanlon,37
hanna,10
hansen,121
hanson,4
hardin,69
harding,8
harleman,2
harley,95
harley/whmo,1
harmon,1
harnly,69
harper,68
harrell,381
harrington,82
harris,200
harrison,13
hart,733
hartje,27
hartman,3
hartmann,1
hartung,21
harvey,32
hasaj,4
hasan,37
haskell,87
hassan,71
hatcher,3
hathi,4
haugh,31
hawkins,52
hayashi,3
hayes,38
haynes,6
hays,8
hazelgren,7
healton,35
hebbeler,71
hebert,3
hebner,271
hecmanczuk,5
hectorbruder,13
heerman,9
heft,6
hein,6
helper,1
henagan,28
henderson,19
hendrickson,1
hendry,9
hengstebeck,29
hennessey,32
henry,31
hensley,14
hensly,4
henson,1
hepburn,37
herckis,10
herman,12
hermanowicz,10
hernandez,2
herrera,5
hertelfernandez,4
hervig,47
herwig,99
herzog,1
heskett,4
hewitt,1
hickey,7
hicks,37
hidalgo,26
higa roberts,1
higgins,33
hill,234
hinderdael,22
hindman,7
hines,13
hinson,17
hinzman,5
hirsch,28
ho,106
hoagland,2
hoang,1
hoch,23
hochla,5
hochman,28
hochstein,8
hodge,3
hodges,4
hoeck,5
hoffman,10
hoffmann,4
hoffnan,1
hogan,15
holbert,2
holbrook,3
holden,91
holly glisson,2
holm,1
holt,3
hommel,4
honan,1
honeycutt,1
hooks,35
hoover,1
hopkinsward,25
hoppel,35
horgan,20
hormozi,6
horn,157
horncastle,32
hornung,9
horton,25
hosier,5
houghton,1
hourani,59
hourani/cara abercrombie,2
house,40
house pass office,1
houston,4
howard,76
howayeck,2
howe,5
hoy,3
hq,1
hsiang,2
hsu,12
hu,4
huey,1
hughes,54
humes,28
hungerford,1
hunnicutt,29
hunt,20
hupp,11
hurd,7
hussain,8
hussein,107
hutchins,1
hwang,6
hyams,15
ibrahim,4
id,1
iltebir,1
infurchia,15
inglis,35
ingram,1
interview,1
iraheta,23
irby,14
irizarry,58
irving,3
isen,392
isler,8
israni,8
iwai,3
iway,1
iwia,1
j,32
j castlen,5
j fenton,4
j michel,38
j o d,1
jacas,6
jachimowicz,52
jachowicz,11
jacimi,24
jackson,52
jacob,54
jacobs,42
jacobson,28
jacobstein,136
jacquez,134
jain,35
jake,7
jake sullivan appdnsa jon finer,1
jake sullivan poc kemy monahan,1
jama,10
james,101
james miller,2
jamison,12
jana,15
jang,17
janovitz,9
jarmin,17
jarvis,12
jason,10
jason hines,1
javaid,5
jayna mccarron,3
jean,2
jeff,2
jefferson,17
jenkins,49
jennifer hall,1
jennings,3
jenningsjones,16
jessica parker,1
jeter,2
jha,33
jill,2
jim miller,16
joe custodio,13
joe duplaga,1
john,13
john kirby,11
johnson,3458
johnson russell,1
johnson/nina srivastava,14
johnsonbillips,20
johnston,1
johnstone,15
johnstun,75
jon,22
jon finer,62
jonas,3
jones,206
jordan,9
joseph,216
joseph r biden,3
joshua,4
joshua simmons,2
joyce,245
jozefowicz,30
juan,1
juarez,491
juergens,81
jung shim,12
jurinka,13
juskys,2
justen,2
kaczor,6
kagan,24
kahangama,25
kaiser,6
kalathil,10
kalbaugh,16
kalina,21
kalkay,5
kallos,3
kalogeras,3
kaloudis,4
kamin,6
kanapathy,3
kanellos,12
karlinneumann,9
karwoski,3
kash,2
kasper,14
kassam,1
kates,2
katherine,1
katherine pasnau,14
kathuria,2
kaufman,2
kavalsky,19
kay,2
keating,4
keefe,134
keeffe,76
keegan alexis,2
keene,26
keeney,1
keigher,12
keith,6
keith gilchrist,1
keller,17
kelley,5
kelly,220
kelsey,34
kendall,29
kenly,4
kennedy,29
kenon,32
kenon lamb,4
kent,66
kenyatta,1
kepler,1
keppler,1
ker,3
keren,12
kern,22
kernitsky,21
kerrigan,34
kevin,3
kevin oconnor,11
kevin steele,1
key,4
khan,414
khenchil,1
khosla,16
kidd,4
kiel,53
kientzle,95
kieve,3
kikukawa,17
kim,105
kimmerling,4
king,10
kinkle,10
kinneen,5
kirby,30
kirsten byrd,2
kitching,10
klain,9
klain/nina sirvastava,6
klein,53
klempic,31
kletzien,4
kline,2
kling,147
klinger,13
klinkhardt,39
kluever,29
knake,1
knight,1753
knott,9
kofron,25
kogan,103
koh,67
kohnke,3
koizumi,154
kolakowski,125
kondeti,10
kone,28
koniges,116
kopp,3
koroma,21
koschewa,5
kosobucki,1
kosoglu,75
kovatch,78
kozey,4
kp passa,4
kraft,7
krahel,1
kraiger,7
krasnick,16
kratchman,1
kreisberg,12
krejsa,21
kropp,1
krueger,7
krupkin,152
kruse,4
ku,10
kuhlman,7
kuk,5
kumar,6
kuncaitiswall,6
kurt,1
kuseski,15
kwak,25
kyle,1
kyle jaeger,2
l,10
la,5
labelle,21
labitzky,38
labovick,32
lachman,37
ladjevardian,10
lady,4
lafaele,7
lagasse,1
lagoudas,130
lainez,2
lam,3
lamanna,25
lamb,47
lambert,2
lambinicio,1
lamboni,6
lambrou,25
lamm,46
lance bottoms,15
lanchantin,5
lander,171
landrieu,426
landrieu / anne neuberger,4
lane,1
lang,652
langley,1
lara,1
larance,255
larimer,20
larosa,7
larsen,32
larson,1
laskai,1
laskowski,7
lason,2
lasorda,17
latham,1
latinis,7
lattimore,1
laubacher,82
laurentmantey,52
lauzen,2
law,26
lawrence,2
laws,12
lawson,4
laymon,16
lazatin,3
le,10
leach,11
leaf,353
lebowitz,5
lee,249
leeashley,3
leetmaa,13
leib,1
leibman,1
leighton,30
leiserson,103
leitner,35
lena lightfoot,1
leon,21
leslie,14
levin,149
levin and kathryn paik,3
levin/edgard,15
levine,2
levitt,1
levockspindle,2
levy,175
lewis,91
li,246
liang,10
libbey,6
lieberman,7
liebschutz,2
liedel,4
lien,2
lightfoot,39
lilac,1
liljenwall,51
lin,25
linda,1
linden,10
lindenzweig,1
lindquist,5
lindsey,31
liner,3
linke,3
linke young,1
linkins,16
lion,20
lipin,3
lipton,3
liscow,4
lissner,61
litsey,60
little,17
liu,66
liz,6
lloyd,85
lo,11
locke,3
loewe,160
logan,12
long,6
longley,2
lopez,26
lorick,23
los,2
lourie,15
love,5
lovett,4
lowe,82
lucas,2
lucera,77
lucius,2
ludwig,395
luer,60
luke,3
luken,7
lump,1
lundegren,10
luti,59
luu,18
lyles,5
lyons,32
m,91
m ludwig,2
macdonald,5
macdonnell,4
macgillivray,38
machniak,3
macintyre,96
mackey,1
macklin,471
macmaster,30
macwilliams,6
madden,6
maddox,9
maden,4
magwood,1
mahalingappa,12
maher,589
mahmood,1
mahoney,3
maia silva,1
maione,6
maisel,60
maju,1
majumder,9
makaneole,3
makonnen,7
malachowski,1
maldonado,8
maldonado vazquez,9
maley,4
mallon,4
mallory,90
malm,23
malphurs,5
mammen,39
management office,2
manchin,1
mann,9
mannersweber,6
manning,11
mansour,9
manteghi,38
mao,5
marconi,1101
marcu,11
marcum,10
marcus,1
marda,42
marie carlton,1
markell,11
markham,8
marootian,5
marquez,2
marrufo,7
marsh,2
marshall,183
marston,15
martel,118
martin,247
martinez,9
martorana,12
marx,1
mason,4
massetti,34
matheny,85
mathes,20
mathney,3
mathur,11
matos,5
matthew,26
matthew strauss,4
matthews,4
mattson,2
matza,22
maugeri,55
maurer,69
maurice,339
maury,31
mauss,34
maxwell fuldauer,21
maxwell fulder,21
may,104
maykish,3
maynard,1
mayock,5
mazo,24
mazzeo,8
mazzocchi,13
mazzochi,16
mboma,1
mbugua,7
mcanaw,1
mcbean,14
mcbroom,111
mccall,1
mccarren,13
mccarthy,329
mccarville,3
mcclees,1
mcclellan,3
mcclung,1
mccool,3
mccormick,32
mccoy,18
mccrary,12
mccready,19
mccubbin,1
mcdonald,10
mceldowney,92
mcelrath,24
mcelwee,16
mcfall,53
mcfarland,3
mcfarlin,11
mcginniss,2
mcgowan,104
mcgrath,4
mcguire,65
mcgurk,745
mcinnis,32
mcintee,417
mckay,245
mckelvey,150
mckie,5
mckinney,6
mclaurin,361
mcleod,100
mcmanus,23
mcmillan,12
mcmullan,18
mcmullen,2
mcnair,1
mcnarybontrager,16
mcnavage,14
mcqueen,16
mcready,1
mctear,2
mcwilliams,1
meadows,4
meagher,6
mechenbier,17
medina,10
megan,5
megna,23
meier,30
meilicke,2
mellul,138
melo,5
meloski,133
menard,5
mendez,2
mensah,2
menzelos,30
merani,50
mercado,6
mercer,86
merriam,4
merrill,14
merron,5
metzler,15
meyer,1
michael,38
michaels,11
michel,316
michelsonhorowitz,20
middleton,56
mielke,2
miguel,3
mike pyle,11
mikulski,8
mikulsky,6
miles,26
milici,8
mill,36
miller,388
millick,9
milliken,17
millison,18
millison/kittle evenson,2
millone,1
millones,581
mills,912
mills / jasmine byers,4
mintz,26
mirelesbeuze,74
mirza,54
mishory,9
mital,75
mitchell,33
mittelstaedt,13
mohammed,17
mohamoud,32
mohr,31
molina,61
molle carr,2
moller,2
moltwest,46
monahan,30
monchek,31
moncton,11
moniot,1
montalvo,1
monte,6
monteiro,4
montelongo,13
montoni,3
montoya,31
moon,54
moore,105
morales,27
moran,6
morell,6
moreno,6
moreno zepeda,16
morenomendez,6
morgado,33
morgan,77
mori,19
moriarty,3
moritsugu,802
morris,10
morrison,26
morrissey,22
morse,30
mortelmans,1
morton,10
moses,4
moten,1
mounce,16
mourtos,52
mouton,21
moyer,8
moylan,29
moynihan,17
mudd,3
muggleburg,1
mujumdar,16
mullaley,30
mulrooney,24
mulugheta,19
mun,1
munoz,10
muraleetharan,44
murphy,18
murray,239
mushnick,57
music,4
musiowski,1
musni,1
musser,2
muzurovic,47
myers,28
myklegard,58
n,73
naab,9
nacin,51
nadeem,150
naeem,1
nakagawa,54
nakajima,11
nalls,4
nally,37
nancy,3
narajno,1
naranjo,35
narayanan,42
nassif,23
naulin,8
nayyar,1
neal,6
nee,3
neelakantan,104
neff,1
negatu,13
negron,21
nelson,1470
nemeroff,58
nerenberg,30
netburn,14
neuberger,731
neuman,74
newbold,12
newby,18
newcome,8
newhouse,21
newman,3
newton,523
neyman,65
ngugi,29
nguyen,181
nice,50
nicole,8
nicole harley,1
nicolefasano,1
nielsen,19
nightengale,58
nikki,2
nimely,2
nishiura,1
nissen,4
nnadi,6
noble,19
nolan,1
novick,5
nsor,9
nudelman,167
nukuna,5
nunez,10
nurnberg,103
nusraty,22
nyarko,6
nydam,26
nye,7
nygaard,13
nyirandutiye,60
o'malley dillon,2
oakar,63
oates,6
obrien,158
ocampo,1
oconnell,21
oconnor,10
odom,4
odonnell,40
of,2
office,158004
office personnel,7
office room,2
office/appointment,1
office/usss,5
officer,1
ogan,24
oglesby,10
ogren,18
ojeda,21
okane,26
okolo,39
okunubi,46
ola mtg,28
olavarria,7
olinger,113
oliver,18
olorunnipa,1
olson,13
omalley,33
omalley dillon,77
omotowa,3
on,1
ondusko,3
oneal,9
oneill,5
onstott,1
ope,34
ops,1
orero,7
orlando,2
oroza,1
orphanides,2
ortega,500
ortiz,28
orton,2
orvis,21
osburn,16
oshea,32
ostazeski,4
ostermiller,15
oswald,18
ou,66
outman,9
overmann,2
owens,11
owusu,2
oxley,1
p,1
pablo,13
packer,9
padilla,2
paez,2
page,167
page and trey baker,1
paiewonsky,106
paige,1
paik,10
paje,13
palat,4
palder,20
palermo,55
paley,37
pallister,6
palmer,27
palomino,3
pangelinan,19
panigrahi,11
panjabi,114
pantangco,23
panzarellatarr,153
papermaster,13
pappa,21
parent,2
parikh,101
paris,24
park,18
parker,91
parra,11
parriott,21
parsons,82
pascal,27
pascua,15
pasquantino,18
pass,8
pass & id,1
pass office,4
passa,102
passerello,6
passoffice,3
pastore,20
patchin,406
pate,9
patel,95
pathak,36
patrick,6
patterson,67
patton,90
paul turney,1
pauloski,2
pauls,1
pauwels,3
pearce,4
peck,5
pedersen,25
pedrotty,10
pelton,18
pena,10
pendleton,2
penninger,1
perez,76
perez fernandez,104
perezdavis,11
perozo,24
perron,2
perry,118
personnel,5
pestel,53
peters,8
petersen,34
petes,4
petit,80
petrelius,34
petro,4
petty,1
petz,5
phadke,1
pham,11
pharaphan,6
phaup,8
phil,1
phil gordon,6
philip,121
phillips,129
phonharath,60
piab,6
pica,12
picarelli,20
pichardo,1
pickitt,16
pidot,20
pigulski,12
pilch,100
pioneer,448
pipan,10
pipan/kristina,1
pisha,13
pitelka,6
pitzer,9
place,2
placitella,20
plagenza,5
plat,478
platts,8
playmaker,1
pless,6
plumlee,1
po,17
poddar,7
podesta,211
poese,2
poethig,70
pohl,85
policicchio,13
policy,1
poling,6
polk,68
polly irungu,2
pool,1
pope,9
popejohns,4
posada,49
pothen,1
potter,1
potus,37495
pough,165
pourmorad,17
powell,176
powers,66
ppr,3
prabhakar,32
pratt,56
president,31
president and dr biden,2
presman,30
pressely,4
preston,3
price,40
primeggia,4
princeton,4
prine,6
print,46
pritcher,3
pritchett,101
prosser,1
provet,177
prude,5
psaki,40
pugliese,17
punchak,26
purcell,13
puri,37
purtell,9
purvisrogers,5
putnam,2
pyle,213
pyper,1
qadir,52
qasim,5
qu,141
qualls,10
quam,5
quaranto,34
quaye,8
quillian,2
qureshi,325
r,64
r maugeri,4
rabens,38
rabuck,5
radzimoski,2
rafi,10
ragan,49
rager,2
raghavan,77
raisner,3
raizk,4
raj,1
raj panjabi,10
rajgopal,20
rajwanshi,29
rajyagor,5
ramadan,22
ramamurti,48
ramos,1
ramoutar,6
ramzanali,63
randall,1
rapphooper,90
rastegar,528
rathbun,1
rauch,4
rault,19
ravindranath,17
ravindranath jesse bernstein,3
raviv,6
raymond,15
reagan,2
reals,3
rebecca lissner,4
reclears,4
recordon,47
redden,96
reddy,166
redlinger,1
redmon,37
redmond,23
reed,140
reeves,2
regino perez,2
reid,3
reilly,718
reina,33
reinold,20
remus,34
renaud,7
renner,51
renzulli,24
reolfi,8
reposa,177
resch,10
response team,83
restorivera,6
restrepo,9
reynolds,174
reynoso,9
rezaeerod,21
rhinebeck,7
rhodes,1
ribaudo,6
ribeiro,33
ricchetti,238
rice,13
rich,1
richards,129
richmond,267
ricks,3
ricky smith,1
rico,33
ridgeway,10
ried,178
ried and katie tobin,2
rienzi,13
riggan,52
riggs,10
riikonen,48
riley,2
ring,87
ringelberg,35
rinkevich,5
riojascott,30
rios,10
ripoll balet,7
rissman,32
rittenberry,1
rivera,249
rivero,26
roberson,16
robert,2
roberts,157
robertsashby,1
robertson,13
robinson,50
rodbell,6
roddy,1
rodenbush,16
rodriguez,1029
rodriguez ron klain,3
rodriguez/vpotus,13
roe,7
rogal,1
rogers,75
rogozinski,5
rohde,1
rohrhoff,51
roman,97
romancky,5
romanik,1
romano,51
romero,8
room,1
rooney,6
rosanna,3
rose conroy,2
rosenbaum,5
rosenberg,103
rosenberg/covid,1
rosenberger,151
rosenbloom,4
rosenzweig,21
rosier,8
ross,220
rottman,2
rouault,13
rouleau,5
rouse,93
rowe,20
rozenblat,4
rozo,83
rubin,4
rubini,5
rubio,8
rudenshiold,84
ruffin,3
ruiz,69
russell,31
rutberg,44
ryan,76
ryner,2
s,2
s brown,1
saavedra,10
saba,285
sackett,27
sacks,147
saenz,21
safford,1
sagawinit,7
sahl,8
saindon,18
salazar,22
salber,24
saldivar,30
sallee,8
saltiel,7
salvatera,1
samaras,17
samples,68
sams,29
samuels,26
sanchez,282
sanchez garcia,156
sanchezvelasco,19
sanders,156
sanderson,11
sandersware,1
sands,8
sandy,7
sanford,50
sanicki,19
sanjines,3
santana,107
santiagomoreno,39
sanuetta,1
saoifanua,2
sara,2
sarahjane,3
sare,6
sass,30
sasso,1
satkowiak,76
sauber,13
sauter,6
savary,51
savett,23
sawak,17
sawyer,36
sayed,4
scatliffe,2
schaefer,19
schaffer,404
schechter,218
scheidegger,4
scheidler,8
schenk,43
scheyer,1
schikore,15
schildroth,145
schillaci,14
schlichtenmyer,1
schmitt,51
schmoyer,195
schneider,99
schonau,2
schory,3
schubel,13
schulkin,60
schultz,46
schumacher,1
schuster,11
schwab,1
schwartz,4526
schwarz,4
schwegman,2
schweinsberg,29
sciretta,3
scott,166
scully,27
sebes,11
sec,2
secret service,1
secretary,2
secreto,11
section,3
security,43
security/usss,2
sedlock,6
segalknowles,20
segura,7
self,13
sengupta,46
senior,2
sermeno,32
service,2
seth,1
sethi,6
seymour,56
seymour/jeff,5
sg,1
shackleford,5
shah,97
shambley,3
sharbatoghlie,3
sharfman,23
sharma,57
sharp,73
shaul,119
shaw,39
shawn,1
shawna,3
shea,5
sheard,7
sheehan,19
shelby,118
shen,11
sheng,1
sheonath,6
sherman,1
sherwood,4
sherwoodrandall,195
sheth,1
shields,6
shigetomi,21
shim,1
shimer,25
shirley,3
shon,1
shot,2
shroyer,15
shubat,57
shull,93
shuman,5
shurleff,2
siddique,20
sidhu,1
sidler,23
siegel,33
siegert,18
sierawski,60
sierra,11
sierra zorita,33
sierrazorita,53
sigmon,5
sigworth,6
silva,407
silverberg,5
sim,18
simcock,7
simha,1
simmons,51
simms,32
simons,13
singer,35
singh,139
singla,16
siniard,6
sinkinson,1
siordia,29
sisaye,4
siskind,11
sivinski,1
sizemore,2
skiles,3
skillman,58
skillman/mike,1
skinner,1134
slack,77
slater,41
slaughter,14
slevin,48
sloane,15
sloat,318
slosser,3
smallcomb,208
smith,370
snider,3
snipes,1
snopek,39
sobieraj,159
sokoler,27
sokolov,3
sokolowski,21
solomon,57
solow,40
somani,34
songer,34
soohoo,41
sookdeo,40
sopko,300
sorce,2
sorelle,4
south,2
southers,5
sowderstaley,7
spavins,3
spence,11
sperling,31
spicer,74
spiegel,6
spinner,2
spittell,5
spivak,29
spooner,18
spreyer,18
spriggs,13
sreekumar,26
srivastava,397
st,58
staats,17
staff,1
stalcup,3
stalkerlehoux,2
stambaugh,223
stancil,3
stanley,4
stanwich,180
starfield,54
starks,30
staton,6
stauffer,11
stavish,2
steele,82
stein,4
stephen fichter,6
stephens,1
stern,15
stewart,123
stewart gloster,11
stewart/morgan,2
stich,7
stiefel,162
stienstra,48
stinnett,4
stires,11
stith,1
stoffers,13
stohs,5
stolt,2
stoneman,1
stonick,43
storey,4
storm,224
stosz,6
strasser,245
strauss,4
stripling,25
strittmatter,6
strompf,147
stubbs,8
stupak,65
sturgill,9
su,20
suarez,7
suh,7
sukut,4
sullican,1
sullivan,927
sulmeyer,15
sultoon,30
sumar,10
sundaram,26
suntoke,3
svenstrup,15
swan,23
swaner,34
swann,42
swanson,42
swarens,4
sweeney,23
swenson,3
switch,2
sydor,29
sykes,178
szestak,168
szymanski,110
t,4
taber,27
tahan,56
takeo,4
talbot,21
tam,143
tama,50
tamaroglio,11
tanden,19
tanielian,94
tanilian,1
tansey,1
tapetillo,125
tapia pimentel,42
tardiff,7
tarre,10
tatham,2
tatum,1
taylor,907
team,1
tederick,24
teets,3
teitelbaum,80
teleky,6918
tellerparikh,13
tenggardjaja,1
terhall,5
terrell,34
terrence,6
terrence mcmillan,4
terry,2
terry babcock lumish,1
terry babcocklumish,9
terry babcocklumish executive secretary,7
terry babocklumish,1
teshome,28
tessier,3
thomas,76
thomas usss badge office,1
thompson,187
thomson,9
tibayan,29
tibbitts,63
tiehen,5
tiffany eppelheimer,7
tilden,1
tillett,14
tillson,27
tirabasi,1
tkach,17
toal,1
toan,3
tobar,2
tobin,273
todd,12
toledo,15
tolle,23
tolliver,140
tom,18
tomasini,10
tomaszewski,21
toon,43
topper,3
torian,2
torresramirez,21
tortora,57
tour,2
toves,15
tracey mooney,37
traceymooney,24
trahan,1
trainor,38
tran,8
traver,9
traykov,5
trimble,4
trivett,3
trocola,4512
troxler,1
tsai,15
tudose,8
tufro,122
tuleja,24
tull,5
tung,5
turley,2
turner,7
turney,5
tuzun,2
tyehimbarufai,63
tyler,2
tyler ray,2
tyrrell,2
uberoi,102
ubinas,23
udalova,5
udomratanavasi,43
underwood,181
unit,1
unpingco,89
uo,3
upadhyaya,64
usher,5
uzookoro,93
v lopez,1
va,17
vaddi,121
vadhan,25
vahlsing,68
vahlsing and arpit garg,8
vahlsing and liz carr,6
vahsling,5
vail,101
vaillancourt,4
vaingankar,77
valdesrecio,11
valdez,4
valdivia,31
vallejo,1696
valverde,5
van hook,20
vance,1
vandenberg,8
vankeuren,39
vanlandingham,66
vargas,190
varghese,7
varricchio,36
varshney,5
vartanian,19
veeravalli,29
vela,124
vellajo,2
velz,60
velz/vice,6
venkatasubramanian,5
venkatraj,43
venker,11
venook,3
venson,61
ververis,17
via,4228
vice,1
vid,2
vidinghoff,26
vidrine,42
vigil,77
vina,30
vinson,2
vinton,15
viray,2
visit,1
visitorsoffice,55
viswanathan,53
vivanco,38
vivirito,35
vo,49
vogelstein,13
vogt,3
volek,4
voles,10
volin,51
vollbrecht,5
voorde,210
vorhies,3
vp,10
vpotus,2002
vu,6
vyas,27
w duncan,22
w martin,3
wade,91
wagenseller,8
wagman,52
wagner,7
waite,8
wakatsukichong,12
waldeck,8
walden,44
waldman,74
waldon,1
waldow,58
walker,82
wall,115
wallace,14
walsh,5
walters,1
wamsley,22
wang,3
ward,190
ward liz mollecarr,2
wardell,9
ware,1
washburn,15
waterman,1
waters,8
watley,5
watson,26
waugh,2
waxman,5
wayner,7
weand,23
weather,10
weaver,24
webb,73
weber,2
webster,16
week,17
weiner,18
weisshaar,37
weissman,83
weister,5
welch,257
wenger,59
werner,5
wessel,350
west,55
westbrook,2
westling,1
wexler,33
weyand,2
wham,17
wheaton,19
whitaker,1
white,87
whitehair,59
whitehead,8
whitehill,4
whitenewsome,4
whiting,13
whmu,5
wickett,3
wickramatilake,27
wiedorn,1
wiener,15
wilcox,2
will,8
william,10
william tyrrell,1
williams,154
willoughby,4
wilson,167
windle,32
wineland,11
winkelmann,5
winning,1
winslow,44
winters,5
wise,29
wisner,21
withers,9
wittenberg,8
wixtead,58
woehr,42
wojton,5
wolbert,11
woldemariam,43
wolf,52
wolff,113
wolgast,6
wolinetz,4
wollam,4
wolosky,2
womack,13
wong,37
wood,81
wood/francis collins,7
woodard,3
woodberry,7
woods,3
woods iii,1
woolfolk,1
woolwine,16
wren,1
wright,265
wu,74
wyman,7
wynne,21
yagan,59
yallowitz,38
yang,66
yau,1
yazzie,14
yeaton,11
yemisi,1
yesnik,17
yestrumskas,13
yi,58
yonkeu,22
yost,3
young,349
yu,12
yudelson,9
yun,1
yupari,7
yuzon,2
zaatar,10
zachary,6
zagaroli,27
zaidi,156
zaikouk,32
zamor,8
zamos,4
zarek,98
zaslavsky,47
zavala,7
zeigler,39
zelikoff,76
zepeda sanchez,10
zepedasanchez,11
zepf,1
zhang,2
zhong,156
zhu,57
zielewski,2
zients,47
zimskind,194
zirulnick,10
ziskend,52
zitomer,3
zorita sierra,1
zubatkin,16
zuluaga,51
zunker,1
NA,13830
