LOCATION,n
eeob|08b,2
eeob|1,20
eeob|101,1
eeob|110-115,9
eeob|13,1
eeob|14,1
eeob|148,1
eeob|158,1
eeob|16,3
eeob|160,1
eeob|17,1
eeob|18,11
eeob|180,12
eeob|183,26
eeob|184,1
eeob|19,1
eeob|206,3
eeob|208,6
eeob|21,9
eeob|210,37
eeob|212,2
eeob|215,1
eeob|230,10
eeob|234,33
eeob|252,1
eeob|265,2
eeob|27,3
eeob|274,8
eeob|291,7
eeob|300,6
eeob|311,1
eeob|312,3
eeob|316,4
eeob|319,2
eeob|3202,1
eeob|326,2
eeob|327,2
eeob|330,1
eeob|333,1
eeob|343,1
eeob|353,5
eeob|362,1
eeob|367,12
eeob|37,1
eeob|374,10
eeob|381,2
eeob|386,14
eeob|394,4
eeob|415,17
eeob|419,1
eeob|422,6
eeob|430,96
eeob|432,1
eeob|445,3
eeob|449,1
eeob|450,1
eeob|47,1
eeob|472,98
eeob|474,11
eeob|490,4
eeob|526,1
eeob|594,15
eeob|68,1
eeob|69,3
eeob|71,2
eeob|76,16
eeob|77/79,1
eeob|78,2
eeob|79,2
eeob|94,28
eeob|96-whmu me,3
eeob|97,48
eeob|97-whmu cl,6
eeob|97-whmu me,4
eeob|97 medical,1
eeob|eeob 210/2,75
eeob|indian tre,6
eeob|loading do,4
eeob|med unit 9,1
eeob|pass offic,14
eeob|piv office,1
eeob|res clinic,2
eeob|rm 22,1
eeob|room 18,2
eeob|sms 374,2
eeob|south cour,3
eeob|sow 226,6
eeob|state pl.,18
eeob|state plac,21
eeob|vp's cerem,4
eeob|vp ceremon,15
eeob|whmu,1
eeob|whmu 97,1
neob|026/445,2
neob|1,3
neob|10001,10
neob|10002,6
neob|10003,1
neob|10008,2
neob|10010,2
neob|10011,2
neob|10012,16
neob|10015,1
neob|10017,6
neob|10019,1
neob|10020,11
neob|10021,1
neob|10022,10
neob|10024,1
neob|10028,2
neob|10029,41
neob|10031,19
neob|10033,99
neob|10043,7
neob|10044,2
neob|10045,1
neob|10046,2
neob|10047,6
neob|10052,4
neob|10054,5
neob|10056,1
neob|102,3
neob|10201,3
neob|10202,18
neob|10207,1
neob|10209,2
neob|10216,1
neob|10220,1
neob|10230,2
neob|10236,6
neob|10239,1
neob|10256,8
neob|10258,120
neob|105,2
neob|10th floor,14
neob|10th floor secure wi,2
neob|122,8
neob|1500,1
neob|18,3
neob|19,3
neob|1b29,5
neob|2008,2
neob|2020,28
neob|2020 neob,2
neob|205,3
neob|210,2
neob|216,1
neob|2200,2
neob|2200b,1
neob|2211b,6
neob|2303,2
neob|230b,1
neob|236,4
neob|2520,1
neob|3-001,1
neob|3001,51
neob|3002,132
neob|3002 esc conference,6
neob|3002a,1
neob|3002b,14
neob|3007,12
neob|301,1
neob|3015,152
neob|3015 & 320,9
neob|3015 & 4220,2
neob|3015 5001,1
neob|3019,19
neob|3020,107
neob|3021,16
neob|3025,180
neob|3026,6
neob|3102,4
neob|3104,7
neob|3109,14
neob|3113 4226,1
neob|312,3
neob|315,6
neob|320,2
neob|3200,2
neob|3201,581
neob|3202,447
neob|3203,18
neob|3209,1
neob|3230,2
neob|3315,1
neob|333,2
neob|340,1
neob|400,11
neob|4000,100
neob|40014.7,1
neob|402,1
neob|407.6,2
neob|4106,6
neob|415,1
neob|4208,36
neob|4218,8
neob|4218a,2
neob|4220,106
neob|4221,51
neob|4222,1
neob|430,4
neob|4421,4
neob|445,4
neob|4450,26
neob|448,6
neob|450,20
neob|4500,1
neob|468,1
neob|472,1
neob|4th floor,5
neob|5001,5
neob|5002,28
neob|5013,129
neob|5020,43
neob|505,1
neob|5103,1
neob|514,2
neob|5200,31
neob|5200 and 734jp,2
neob|5200 room,1
neob|528,4
neob|531,1
neob|545,8
neob|561,2
neob|58,1
neob|5th fl,1
neob|5th floor,1
neob|6019,2
neob|6020,2
neob|6025,3
neob|6027,2
neob|6030,21
neob|6037,1
neob|6039,1
neob|6043,5
neob|6050,1
neob|6069,1
neob|6079,13
neob|6201,3
neob|6208,2
neob|6235,2
neob|7-228,2
neob|7002,8
neob|7013,13
neob|7025,4
neob|7026,1
neob|712 jackso,3
neob|712 jackson pl,1
neob|712 jackson pl nw,2
neob|712 jackson place,30
neob|712 jackson place 3r,5
neob|712 jackson place nw,15
neob|71246,1
neob|712n jackson place,1
neob|716,4
neob|716 jackson place ro,1
neob|716jp room 103,5
neob|7202,1
neob|7208,2
neob|7215,8
neob|7216,1
neob|7217,7
neob|7228,5
neob|7235,4
neob|7236,10
neob|730,11
neob|730 jackso,96
neob|730 jackson pl,4
neob|730 jackson place,166
neob|730 jackson place 1s,7
neob|730 jackson place ba,11
neob|730 jackson place co,9
neob|730 jackson place fi,1
neob|730 jp,73
neob|730 jp 1s,3
neob|730 place,7
neob|734 jp,5
neob|734 jp 2nd,3
neob|736,33
neob|736 jackso,4
neob|736 jp,26
neob|78,1
neob|7th floor,1
neob|8001,11
neob|8002,5
neob|8013,1
neob|8025,2
neob|8026,7
neob|8116,5
neob|8202,9
neob|8211,14
neob|8211 and 4208,2
neob|8215,1
neob|8225,4
neob|8235,3
neob|8236,4
neob|9001,99
neob|9002,3
neob|9003,1
neob|9005,2
neob|9008,1
neob|9010,3
neob|9011,10
neob|9011b,4
neob|9012,12
neob|9014,9
neob|9016,1
neob|9018,9
neob|9020,1
neob|9025,3
neob|9030,9
neob|9040,1
neob|9044,2
neob|9047,8
neob|9058,1
neob|9113,1
neob|9201,1
neob|9210,1
neob|9211,2
neob|9217,4
neob|9218,6
neob|9220,1
neob|9226,1
neob|9230,2
neob|9240,3
neob|9241,1
neob|9243,1
neob|9258,174
neob|9264,1
neob|9268,12
neob|9270,5
neob|9274,1
neob|9528,2
neob|9th floor,16
neob|all,3
neob|b1 carpent,1
neob|basement,1
neob|cafe,4
neob|cafeteria,3
neob|clinic,13
neob|conf. room 730 1st f,16
neob|conference,2
neob|conference rm 3015,1
neob|conference room,1
neob|conference room 1st,1
neob|court yard,8
neob|courtyard,91
neob|cr 3015,5
neob|cr neob 9258 cr jpo,52
neob|cr3015,2
neob|east wing,12
neob|foyer,1
neob|g102,18
neob|g102 medic,1
neob|gcr,5
neob|hrd 3rd fl,1
neob|jackson 71,1
neob|jackson pl,11
neob|jackson place,1
neob|jackson place 712,1
neob|jackson place 734 co,2
neob|jp,33
neob|jp 10012,3
neob|jp 104,2
neob|jp 236,1
neob|jp 3rd floor,8
neob|jp 708,1
neob|jp 712,3
neob|jp 716,163
neob|jp 722,2
neob|jp 730,10
neob|jp 734,15
neob|jp 734 1st floor con,4
neob|jp 734 2nd floor con,3
neob|jp 734 3rd floor,2
neob|jp 736,8
neob|jp 736 fir,6
neob|jp ceq conference ro,1
neob|jp has 736,1
neob|jp103,2
neob|jp104,4
neob|jp712,40
neob|jp716,15
neob|jp716 103,1
neob|jp716 rm10,3
neob|jp730,66
neob|jp734,71
neob|jp736,8
neob|jp736 firs,2
neob|loading do,1
neob|loading dock,7
neob|mc,1
neob|medical,4
neob|medical cl,6
neob|medical clinic,2
neob|neob 3015,7
neob|neob b208,2
neob|neob cafe,1
neob|neob cafet,3
neob|neob clini,6
neob|neob garage,3
neob|neob loadi,2
neob|onboarding,1
neob|parking garage,2
neob|penthouse,6
neob|ppr gcr,1
neob|rm 3201,3
neob|rm4221,5
neob|roof anten,1
neob|room 3104,2
neob|room 404,1
neob|room o18,6
neob|sb- 220,1
neob|sb-220,5
neob|sb-221,2
neob|sb-236,12
neob|sb 229,6
neob|sb 235,1
neob|sb 236,2
neob|sb22,1
neob|sb220,5
neob|sb221,1
neob|sb233 sb2,1
neob|sb235,3
neob|sb235 401,1
neob|sb236,35
neob|sms,1
neob|sp-236,1
neob|suite 3019,1
neob|suite 5200,7
neob|suite 5200 office 53,1
neob|usds room,1
neob|whmo hq,1
neob|whmo offic,3
neob|whmo secur,8
neob|whmu clinic,4
neob|ww 122,1
neob|ww g47,2
neob|ww121,6
neob|wwg37,1
oeob|#69,1
oeob|012 095,2
oeob|015 018,1
oeob|026/445,3
oeob|026b 053 095,1
oeob|027 - didl,1
oeob|065 045 337 339,14
oeob|089/018,2
oeob|08b,24
oeob|1,1423
oeob|10,5
oeob|100,22
oeob|1000,1
oeob|100a,1
oeob|101,18
oeob|102,3
oeob|1020,1
oeob|103,1
oeob|104,13
oeob|104a,9
oeob|105,6
oeob|106,15
oeob|107,96
oeob|1078,1
oeob|108,94
oeob|108a,14
oeob|108b,19
oeob|109,23
oeob|110,32
oeob|111,3
oeob|112,80
oeob|112a,9
oeob|114,43
oeob|115,111
oeob|115a,13
oeob|115b,9
oeob|116,99
oeob|118,2
oeob|118c,4
oeob|12,9
oeob|120,42
oeob|122,216
oeob|123,13
oeob|124,39
oeob|125,9
oeob|125b,1
oeob|126,126
oeob|127,7
oeob|128b,1
oeob|13,10
oeob|130,28
oeob|130a,1
oeob|132,8
oeob|134,88
oeob|135,23
oeob|135b,5
oeob|136,5
oeob|137,2
oeob|137b,5
oeob|138,43
oeob|139,2
oeob|14,52
oeob|140,24
oeob|141,2
oeob|142,17
oeob|142b,2
oeob|143,18
oeob|143a,5
oeob|143b,2
oeob|143c,13
oeob|144,95
oeob|144a,4
oeob|145,12
oeob|146,15
oeob|147,4
oeob|148,4
oeob|149,5
oeob|15,10
oeob|151,10
oeob|152,20
oeob|156,1
oeob|157,15
oeob|158,14
oeob|159,193
oeob|159/160,1
oeob|16,10
oeob|160,686
oeob|161,131
oeob|161.5,8
oeob|162,3
oeob|162a,9
oeob|162b,1
oeob|163,29
oeob|164,53
oeob|165,3
oeob|167,50
oeob|168,12
oeob|169,1
oeob|17,15
oeob|170,112
oeob|171,8
oeob|172,103
oeob|173,6
oeob|174,1
oeob|175,1
oeob|176,20
oeob|176a,1
oeob|177,6
oeob|177a,2
oeob|178,692
oeob|179,1
oeob|18,187
oeob|180,130
oeob|180-a,5
oeob|180 a,29
oeob|180a,658
oeob|181,24
oeob|182,3
oeob|183,49
oeob|184,2
oeob|185,31
oeob|187,4
oeob|188,34
oeob|188a,11
oeob|189,1
oeob|18a,5
oeob|19,40
oeob|190,22
oeob|191,1
oeob|191b,3
oeob|192,20
oeob|193,5
oeob|194,40
oeob|195,4
oeob|196,4
oeob|197,18
oeob|198,67
oeob|199,60
oeob|2,18
oeob|20,13
oeob|200,238
oeob|202,1
oeob|202a,68
oeob|202b,8
oeob|204,20
oeob|204a,3
oeob|205,53
oeob|206,136
oeob|207,7
oeob|208,90
oeob|209,3
oeob|21,53
oeob|210,1028
oeob|210-212,18
oeob|210/212,515
oeob|210/212 di,23
oeob|211,1
oeob|212,660
oeob|212 diplomatic recep,10
oeob|212/210,4
oeob|2120,9
oeob|215,79
oeob|216,22
oeob|217,58
oeob|218,11
oeob|219,3
oeob|22,3
oeob|220,15
oeob|220a,15
oeob|2210,2
oeob|222,1
oeob|223,8
oeob|224,1
oeob|225,9
oeob|226,914
oeob|226a,2
oeob|228,986
oeob|229,11
oeob|230,181
oeob|230 a,21
oeob|230 aw,14
oeob|230 b,47
oeob|230a,2203
oeob|230b,937
oeob|230b and sms,1
oeob|233,44
oeob|234,400
oeob|235,15
oeob|235b,7
oeob|236,784
oeob|236 and sms,1
oeob|236b,3
oeob|236w,6
oeob|237,9
oeob|238,123
oeob|239,24
oeob|240,26
oeob|242,39
oeob|243,28
oeob|243 b,18
oeob|243d,2
oeob|245,1
oeob|246,40
oeob|248,223
oeob|249,2
oeob|25,113
oeob|25 airlift,1
oeob|250,33
oeob|251,7
oeob|252,211
oeob|252-b,1
oeob|252 b,10
oeob|252b,150
oeob|253,22
oeob|254,2
oeob|255,2
oeob|256,8
oeob|257,1
oeob|258,36
oeob|26,3
oeob|260,225
oeob|261,20
oeob|262,32
oeob|263,17
oeob|264,99
oeob|265,57
oeob|267,34
oeob|268,6
oeob|269,1
oeob|269a,1
oeob|27,40
oeob|270,19
oeob|271,12
oeob|272,16
oeob|273,134
oeob|274,247
oeob|276,457
oeob|278,4
oeob|279,80
oeob|279a,7
oeob|280,53
oeob|281,3
oeob|282,37
oeob|284,61
oeob|285,1
oeob|286,34
oeob|287,5
oeob|288,22
oeob|289,1
oeob|290,7
oeob|291,180
oeob|292,9
oeob|300,16
oeob|3002b,4
oeob|3012,1
oeob|3015,2
oeob|302,7
oeob|3025,3
oeob|302a,17
oeob|305,5
oeob|305/307,2
oeob|306,1
oeob|307,96
oeob|308,11
oeob|309,2
oeob|310,2
oeob|311,194
oeob|312,352
oeob|315,3
oeob|316,157
oeob|316 333 335 337 339,1
oeob|316a,1
oeob|318,19
oeob|319,456
oeob|320,10
oeob|321,144
oeob|322,1
oeob|325,193
oeob|326,624
oeob|3265,2
oeob|330,175
oeob|330 sms e,10
oeob|330b,1
oeob|333,35
oeob|333 337 339 044,6
oeob|336,88
oeob|337,3
oeob|337 -339,7
oeob|338,3
oeob|339,46
oeob|340,114
oeob|341,4
oeob|342,9
oeob|343,15
oeob|344,180
oeob|345,1
oeob|346,71
oeob|348,2
oeob|350,3698
oeob|351,459
oeob|353,85
oeob|358,1
oeob|359,10
oeob|360,186
oeob|361,3
oeob|362,1
oeob|364,45
oeob|367,454
oeob|368,24
oeob|37,23
oeob|371,7
oeob|372,2
oeob|373,3
oeob|374,3851
oeob|374 exec,2
oeob|374 sms,13
oeob|374 sms e,1
oeob|374 sms ex,3
oeob|374 sms exec,8
oeob|374 sms exec.,11
oeob|374 sms l,11
oeob|374 sms la,2
oeob|374 sms large,63
oeob|374 sms s,5
oeob|374 sms sm,4
oeob|374 sms small,5
oeob|374/sms,1
oeob|374/sms ex,2
oeob|374/sms la,4
oeob|375,11
oeob|376,32
oeob|380,76
oeob|381,487
oeob|382,9
oeob|384,3
oeob|386,461
oeob|387,60
oeob|389,52
oeob|390,51
oeob|393,258
oeob|393 and sm,2
oeob|394,37
oeob|396,1
oeob|40-,2
oeob|400,17
oeob|402,3
oeob|404,5
oeob|405,61
oeob|411,18
oeob|412,34
oeob|412a,496
oeob|413,9
oeob|414,28
oeob|415,55
oeob|418,117
oeob|418/230b,1
oeob|419,252
oeob|420,4
oeob|422,197
oeob|425,450
oeob|426,3
oeob|428,781
oeob|430,95
oeob|430 234,1
oeob|432,4
oeob|434,1
oeob|437,22
oeob|438,7
oeob|44,14
oeob|441,14
oeob|441 ikes,1
oeob|442,344
oeob|444,137
oeob|445,2854
oeob|445 whsr,26
oeob|446,11
oeob|448,255
oeob|449,2
oeob|450,98
oeob|451,11
oeob|451b,1
oeob|453,22
oeob|454,203
oeob|455,20
oeob|456,1
oeob|457,33
oeob|458,6
oeob|459,25
oeob|460,527
oeob|462,158
oeob|463,4
oeob|464,3
oeob|467,12
oeob|468,209
oeob|47,4
oeob|470,40
oeob|471,1
oeob|472,684
oeob|473,35
oeob|474,416
oeob|474 - indian treaty,59
oeob|476,611
oeob|476 472 180a,24
oeob|478,11
oeob|479,4
oeob|480,3
oeob|483,1
oeob|484,4
oeob|485,9
oeob|486,6
oeob|488,16
oeob|489,7
oeob|490,512
oeob|491,5
oeob|492,15
oeob|492a,4
oeob|493,69
oeob|495,32
oeob|495a,2
oeob|496,2
oeob|497,234
oeob|498,2
oeob|498a,6
oeob|499,2
oeob|5016,1
oeob|513,4
oeob|518,14
oeob|52,3
oeob|524,1
oeob|526,1
oeob|53,8
oeob|536,3
oeob|54,4
oeob|55,2
oeob|551,1
oeob|551b,6
oeob|553,1
oeob|553b,6
oeob|564,4
oeob|58,9
oeob|580,19
oeob|591,1
oeob|592,5
oeob|594,8
oeob|595,1
oeob|596,2
oeob|60,2
oeob|61,12
oeob|61.5,39
oeob|62,191
oeob|65,16
oeob|67,11
oeob|68,45
oeob|69,18
oeob|7,1
oeob|70,13
oeob|7013,1
oeob|71,1
oeob|712 jackson place,1
oeob|74,5
oeob|76,215
oeob|76a,3
oeob|77,18
oeob|78,7
oeob|79,103
oeob|80,93
oeob|81,5
oeob|85,2
oeob|86,8
oeob|88,37
oeob|89,6
oeob|90,3
oeob|91,1
oeob|92,1
oeob|93,1
oeob|94,111
oeob|97,494
oeob|97 - whmu,2
oeob|97 covid,1
oeob|97 whmu,8
oeob|airops rm,3
oeob|badge issuance,1
oeob|badge room,1
oeob|badging of,1
oeob|balcon,1
oeob|bowling alley,4
oeob|bowling alley - 037,660
oeob|cabinet affairs balc,1
oeob|cafe,5
oeob|cafeteria,14
oeob|ceremonial,111
oeob|ceremonial office,32
oeob|clinic,1
oeob|cordull ha,1
oeob|cr omb eeo,1
oeob|dip recept,1
oeob|dip reception room,25
oeob|dip room,18
oeob|dip. reception room,23
oeob|diplomatic,183
oeob|diplomatic 210/12,2
oeob|diplomatic reception,162
oeob|driver - staying in,1
oeob|drop at we,1
oeob|east execu,33
oeob|east executive drive,10
oeob|eeob,42
oeob|eeob-whsr,1
oeob|eeob - sms,2
oeob|eeob - sow,13
oeob|eeob - sow 230b,2
oeob|eeob 108,4
oeob|eeob 112,9
oeob|eeob 127,8
oeob|eeob 178,38
oeob|eeob 18,2
oeob|eeob 180a,10
oeob|eeob 184,3
oeob|eeob 187,1
oeob|eeob 188a,5
oeob|eeob 199,1
oeob|eeob 2010,2
oeob|eeob 210,2
oeob|eeob 210/2,53
oeob|eeob 226,15
oeob|eeob 228,3
oeob|eeob 230a,12
oeob|eeob 230b,6
oeob|eeob 236,4
oeob|eeob 238,9
oeob|eeob 250,1
oeob|eeob 264,2
oeob|eeob 274,1
oeob|eeob 276,9
oeob|eeob 302a,2
oeob|eeob 307,3
oeob|eeob 320,1
oeob|eeob 330,3
oeob|eeob 333,1
oeob|eeob 343,5
oeob|eeob 344,9
oeob|eeob 350,98
oeob|eeob 355,1
oeob|eeob 374,45
oeob|eeob 386,1
oeob|eeob 422,6
oeob|eeob 428,15
oeob|eeob 430,1
oeob|eeob 432,2
oeob|eeob 442,6
oeob|eeob 445,15
oeob|eeob 460,2
oeob|eeob 474,85
oeob|eeob 476,3
oeob|eeob 490,6
oeob|eeob 60,8
oeob|eeob 68,4
oeob|eeob 71,1
oeob|eeob 79,15
oeob|eeob 94,13
oeob|eeob 97,21
oeob|eeob 97 e,1
oeob|eeob bowling alley -,19
oeob|eeob clini,3
oeob|eeob conf,8
oeob|eeob halloween,5
oeob|eeob n. court loadin,1
oeob|eeob rm 35,8
oeob|eeob rm 68,2
oeob|eeob rm 82,2
oeob|eeob rm. 4,2
oeob|eeob room,14
oeob|eeob sms l,9
oeob|eeob sow 2,1
oeob|eeob sow 228,16
oeob|eeob sow 230a,18
oeob|eeob tour,12
oeob|eeob120,2
oeob|eeob217,4
oeob|eeob230b,3
oeob|eeob350,2
oeob|ellipse pa,1
oeob|eob 159,1
oeob|eob 226,2
oeob|eob 228,2
oeob|eob 428,4
oeob|eob 476,1
oeob|eob 97,4
oeob|ew whmo hq,3
oeob|gift shop,5
oeob|gift store,2
oeob|ikes,18
oeob|ikes cafe,1
oeob|ikes eate,5
oeob|ikes eater,4
oeob|ilc eatery,1
oeob|indian tre,100
oeob|indian treaty room,578
oeob|ironsides room,3
oeob|it office,1
oeob|itr,75
oeob|itr 474,10
oeob|itr indian treaty ro,21
oeob|library,3
oeob|lower east,3
oeob|medical un,2
oeob|medical unit,1
oeob|medunit 97,1
oeob|n court,5
oeob|n. court,2
oeob|n/a,3
oeob|n/a general architec,3
oeob|navy steps,6
oeob|north and,2
oeob|north court,11
oeob|north driv,28
oeob|north drive,3
oeob|north drive and west,2
oeob|north grou,3
oeob|nsao,3
oeob|o-19,4
oeob|o-21,29
oeob|o18,7
oeob|o19,12
oeob|o20,3
oeob|o21,5
oeob|o62,1
oeob|o89,6
oeob|o8b,3
oeob|office of,1
oeob|old iron s,5
oeob|omb balcony,6
oeob|ostp,1
oeob|parking on,2
oeob|pass &id,1
oeob|pass and i'd,1
oeob|pass offic,14
oeob|pass office,9
oeob|pass office 17,1
oeob|pass office room 18,2
oeob|pass/id office,1
oeob|penn ave/south drive,6
oeob|personnel security,1
oeob|pfs,1
oeob|picnic tab,1
oeob|piv office,1
oeob|res clinic,5
oeob|res sdr,13
oeob|res south,53
oeob|restroom,1
oeob|rm 014 sc,4
oeob|rm 111,2
oeob|rm 157,1
oeob|rm 159,57
oeob|rm 160,6
oeob|rm 161,1
oeob|rm 170,2
oeob|rm 171,2
oeob|rm 178,1
oeob|rm 18,9
oeob|rm 18 pas,1
oeob|rm 180,6
oeob|rm 189,1
oeob|rm 210 dip,7
oeob|rm 210/212,20
oeob|rm 226,2
oeob|rm 230a,2
oeob|rm 230b,1
oeob|rm 25,8
oeob|rm 27,2
oeob|rm 274,3
oeob|rm 276,1
oeob|rm 326,2
oeob|rm 350,5
oeob|rm 374 whsr sms,8
oeob|rm 42 - ts,2
oeob|rm 441,1
oeob|rm 445,2
oeob|rm 472,11
oeob|rm 474,13
oeob|rm 491,1
oeob|rm 522,1
oeob|rm 62,2
oeob|rm 65,8
oeob|rm 76,1
oeob|rm 76 a,1
oeob|rm 80,2
oeob|rm 94,1
oeob|rm 97,16
oeob|rm#18,1
oeob|rm. 374,2
oeob|rm/210/212,3
oeob|rm014,4
oeob|rm08b,4
oeob|rm18,2
oeob|rm430,7
oeob|rm87,1
oeob|room #1,1
oeob|room 1,3
oeob|room 12,3
oeob|room 15,1
oeob|room 157,3
oeob|room 159,1
oeob|room 18,22
oeob|room 19,2
oeob|room 200,8
oeob|room 21,1
oeob|room 226,2
oeob|room 230b,2
oeob|room 347 sms large,4
oeob|room 350,2
oeob|room 353,1
oeob|room 374 sms large,2
oeob|room 450,3
oeob|room 460,12
oeob|room 47,2
oeob|room 472,8
oeob|room 474,1
oeob|room 476,17
oeob|room 497,1
oeob|room 60,4
oeob|room 68,1
oeob|room 70,1
oeob|room 91,1
oeob|room 94,1
oeob|room 97,9
oeob|room sow 228,1
oeob|s0w236,34
oeob|sca,223
oeob|sca rm014,2
oeob|secretary,9
oeob|sms,272
oeob|sms-exec,14
oeob|sms-large,4
oeob|sms-small,2
oeob|sms 374,7
oeob|sms 376,1
oeob|sms breakout room,1
oeob|sms conference room,1
oeob|sms exec,243
oeob|sms exec 3rd fl,2
oeob|sms exec 3rd floor,2
oeob|sms exec c,2
oeob|sms exec/3,3
oeob|sms large,437
oeob|sms large room 374,2
oeob|sms rm 374,1
oeob|sms room 374,3
oeob|sms rooms,6
oeob|sms small,118
oeob|sms suite,1
oeob|sms/374,1
oeob|sms/390,1
oeob|south cour,278
oeob|south court,28
oeob|south court aud,6
oeob|south court auditori,137
oeob|south driv,18
oeob|south drive,6
oeob|south facade,1
oeob|south grou,5
oeob|south port,2
oeob|sow,23
oeob|sow-236,1
oeob|sow-a,12
oeob|sow 2206,9
oeob|sow 226,106
oeob|sow 228,161
oeob|sow 230,2
oeob|sow 230 a,8
oeob|sow 230 b,9
oeob|sow 230a,192
oeob|sow 230b,124
oeob|sow 236,128
oeob|sow 320b,1
oeob|sow eeob 230b,3
oeob|sow suite,11
oeob|sow suite 236,1
oeob|sow226,4
oeob|sow230a,11
oeob|sow230b,8
oeob|sowa,2
oeob|stata plac,12
oeob|state,2
oeob|state department lib,2
oeob|state palc,5
oeob|state plac,719
oeob|state place,201
oeob|state place and west,1
oeob|state place for secu,2
oeob|state place parking,4
oeob|staying in car - not,2
oeob|tbc,6
oeob|tbd,176
oeob|tbd halloween tour,1
oeob|tech,1
oeob|tour,3
oeob|truman bow,1
oeob|truman bowling alley,13
oeob|tsd-pdl,1
oeob|upper east,1
oeob|usss pass,1
oeob|usss pass office,1
oeob|vice presi,4
oeob|vp 286,10
oeob|vp ceremon,172
oeob|vp ceremonial,8
oeob|vp ceremonial office,30
oeob|vpotus cer,32
oeob|west exec,31
oeob|west exec ave.,1
oeob|west execu,22
oeob|west wing,1
oeob|wh clinic,1
oeob|wh medical,2
oeob|white hous,1
oeob|whmu,79
oeob|whmu-92,1
oeob|whmu - 97,1
oeob|whmu 97,21
oeob|whmu clini,3
oeob|whmu clinic,2
oeob|whmu rm 97,5
oeob|whmu room,3
oeob|whsr,8
oeob|whsr exec,13
oeob|whsr jfk,1
oeob|whsr pending,1
oeob|ww,2
oeob|ww 132 a,1
oeob|ww 210,2
oeob|ww 225,1
oeob|ww 230a,4
vpr|1,23
vpr|16,1
vpr|1st floor,10
vpr|1st floor vpr,1
vpr|1st floor/basement,2
vpr|1st floor/pool deck,2
vpr|25,155
vpr|3,1
vpr|b01,2
vpr|b19,4
vpr|b25,86
vpr|basement,198
vpr|basement and first f,34
vpr|basement first floor,46
vpr|basement/ 1st floor,4
vpr|basement/1,19
vpr|basement/1st floor,16
vpr|basement/2,1
vpr|basement/p,6
vpr|basement/pool deck,2
vpr|bldg 16,2
vpr|bldg 19,15
vpr|bldg 19 parking lot,1
vpr|bldg 91,4
vpr|bldg. 19,3
vpr|british em,1
vpr|building 1,39
vpr|building 19,14
vpr|building 5,1
vpr|building 9,1
vpr|dining room,1
vpr|driver drop-off,1
vpr|driveway,3
vpr|drop off at p1,5
vpr|drop off at post 1,8
vpr|drop off by p1,2
vpr|east garag,2
vpr|first floo,6
vpr|first floor,553
vpr|first floor and base,33
vpr|first floor and outs,4
vpr|first floor and pool,158
vpr|first floor and thir,1
vpr|first floor/basement,2
vpr|first floor/pool dec,22
vpr|fist floor,5
vpr|front lawn,36
vpr|full residence,1
vpr|gilliss ave/p1,1
vpr|grounds,1
vpr|grounds an,3
vpr|iap,2
vpr|kitchen and first fl,10
vpr|lawn,164
vpr|loading zone,2
vpr|main gate,4
vpr|outside of p1,2
vpr|outside of the resid,9
vpr|p1,3
vpr|pool deck,14
vpr|pool deck/basement,2
vpr|pool house,5
vpr|pool side/first floo,94
vpr|pool/basem,2
vpr|poolside/first floor,2
vpr|portico poolside fir,44
vpr|post 1,15
vpr|post 5,26
vpr|pull through post 5,2
vpr|quarters a,15
vpr|res,2
vpr|residence,254
vpr|residence grounds,2
vpr|residnce,4
vpr|tower,1
vpr|veranda pool deck ba,9
vpr|veranda pool deck fi,42
vpr|vpr,1243
vpr|vpr 1st floor,1
vpr|vpr 3rd floor,2
vpr|vpr driveway,5
vpr|vpr first floor,8
vpr|vpr lawn,465
vpr|vpr pool,249
vpr|vpr pool deck,30
vpr|vpr posts,20
vpr|water filt,1
wh|1,5
wh|1-a,1
wh|100,4
wh|100 res,1
wh|102,1
wh|112,2
wh|118,1
wh|12,1
wh|120 and ma,2
wh|121,6
wh|122,16
wh|124,10
wh|124 vps office,3
wh|126,4
wh|132,25
wh|132 a,9
wh|132 ww,2
wh|132a,2
wh|13a,3
wh|140,16
wh|140 / pres,2
wh|141,3
wh|142,2
wh|145,13
wh|152,4
wh|153,7
wh|161,1
wh|17,1
wh|174,1
wh|17th & pen,2
wh|17th/penn,2
wh|18ww,2
wh|19-jan,1
wh|1st floor,2
wh|1st floor ww - nsa s,4
wh|20,1
wh|200,1
wh|201,1
wh|202,20
wh|205,24
wh|206,13
wh|207,1
wh|208,27
wh|208 east wing,4
wh|208 ew,8
wh|209,6
wh|210,34
wh|211,2
wh|212,6
wh|213,3
wh|214,3
wh|216,9
wh|217,20
wh|218,5
wh|219 ww,2
wh|221 ww,1
wh|223,6
wh|225,2
wh|230,15
wh|286,2
wh|288,1
wh|2nd floor,13
wh|381,3
wh|3rd floor,1
wh|44,1
wh|445,2
wh|47,1
wh|66,1
wh|67,1
wh|68,2
wh|8,3
wh|94,2
wh|a1,1
wh|apnsa offi,5
wh|apnsa office,4
wh|apnsa suit,16
wh|apnsa sullivan suite,4
wh|b-27 res,3
wh|bh,1
wh|blair hous,1
wh|blue room,1
wh|bookseller,1
wh|br,23
wh|brian deeses office,1
wh|briefing,1
wh|briefing r,74
wh|briefing room,14
wh|brs office,1
wh|bruce reeds office,1
wh|cabinet,1
wh|cabinet ro,4
wh|cabinet room,2
wh|chief ushe,4
wh|curator st,4
wh|dip reception room a,47
wh|dip reception room r,7
wh|diplomatic,9
wh|diplomatic reception,6
wh|diplomatic room,5
wh|e102,1
wh|e102 ew,8
wh|e2026,54
wh|east ballr,14
wh|east ballroom,10
wh|east exec,46
wh|east execu,18
wh|east executive drive,2
wh|east recep,27
wh|east reception,10
wh|east reception room,13
wh|east room,2081
wh|east room-,3
wh|east room-res,17
wh|east tradesman resid,1
wh|east wing,281
wh|east wing-,10
wh|east wing- res,6
wh|east wing - east rec,7
wh|east wing - res,27
wh|east wing -res,5
wh|east wing 208,4
wh|east wing 216,2
wh|east wing 218,1
wh|east wing 222cd and,18
wh|east wing 226 / dipl,1
wh|east wing east recep,1
wh|east wing reception,2
wh|east wing rm 216,6
wh|east wing rm 6,2
wh|east wing room 206,9
wh|east wing room 208,8
wh|east wing whmo 216 &,2
wh|ebr,3
wh|ee,1
wh|eeob 350,4
wh|eeob 353,2
wh|eeob 428,2
wh|eeob 71,1
wh|eeob 97,6
wh|eeob 97 th,1
wh|eeob clini,22
wh|eeob medun,1
wh|eeob whmu,4
wh|eeob/southlawn,1
wh|eeob18,1
wh|electric s,2
wh|electric shop,3
wh|enter ww,9
wh|err,1
wh|et4,1
wh|ew,214
wh|ew- res,1
wh|ew-1-19,11
wh|ew-208,1
wh|ew-reception room,3
wh|ew-res,442
wh|ew-res/southlawn,6
wh|ew-res/southlawn/eeo,9
wh|ew - 107,1
wh|ew - 208,6
wh|ew - east,11
wh|ew - east reception,2
wh|ew - julis,1
wh|ew - res,5836
wh|ew - res - ww,2
wh|ew - state,4
wh|ew - state floor,48
wh|ew - state room,9
wh|ew - visit,3
wh|ew -east r,3
wh|ew -res,1
wh|ew & pfs,2
wh|ew & res,5
wh|ew & south,26
wh|ew 1-16,4
wh|ew 1-19,22
wh|ew 1-8,2
wh|ew 107 and,1
wh|ew 108,3
wh|ew 118,9
wh|ew 119,1
wh|ew 121,1
wh|ew 129,9
wh|ew 13-800,1
wh|ew 2-5,19
wh|ew 200,6
wh|ew 201,1
wh|ew 202,2
wh|ew 204,10
wh|ew 204/sou,1
wh|ew 206,137
wh|ew 208,103
wh|ew 209,2
wh|ew 212,1
wh|ew 216,2335
wh|ew 217,50
wh|ew 218,2
wh|ew 220,2
wh|ew 222,1
wh|ew 223,16
wh|ew 225,16
wh|ew 226,2
wh|ew 228,9
wh|ew bookse,1
wh|ew calligraphy room,2
wh|ew conference room 2,4
wh|ew east executive dr,1
wh|ew east re,22
wh|ew east reception,3
wh|ew east reception ro,2
wh|ew east ro,4
wh|ew east room,4
wh|ew ebr,8
wh|ew err,2
wh|ew err and,2
wh|ew front desk,5
wh|ew holiday,77
wh|ew kennedy garden,10
wh|ew lobby,2
wh|ew milaide,2
wh|ew movie t,1
wh|ew res,108
wh|ew rm 12,1
wh|ew rm 2-5,6
wh|ew rm 208,7
wh|ew room 2,1
wh|ew room 221,1
wh|ew south lawn,41
wh|ew state,57
wh|ew state d,1
wh|ew state f,32
wh|ew state floor,24
wh|ew state floor / sou,5
wh|ew tour,103016
wh|ew vo,7
wh|ew whmo hq,3
wh|ew whvo #1,7
wh|ew/ res,25
wh|ew/125,1
wh|ew/206,1
wh|ew/216,6
wh|ew/penn av,6
wh|ew/res,1
wh|ew/ww,3
wh|ew: callig,1
wh|ew: east r,44
wh|ew: state,4
wh|ew: vermei,1
wh|ew@06,7
wh|ew102,1
wh|ew106,60
wh|ew206,3740
wh|ew2067,166
wh|ew208,2
wh|ew2106,23
wh|ew216,426
wh|ew223,36
wh|ew223 and,2
wh|ews,14
wh|exec,9
wh|executive,40
wh|executive dining roo,1
wh|executive residence,72
wh|exr,3
wh|exr-state,3
wh|exr and gr,12
wh|exr room ug-18 nps g,2
wh|exr ushers,1
wh|finance office,3
wh|first division park,5
wh|floor 2 op,2
wh|floral shop residenc,1
wh|g-72,2
wh|g-74 ww,1
wh|g37,2
wh|g40,2
wh|g47,5
wh|g50,3
wh|g59,9
wh|g59 ww,17
wh|g66,5
wh|g74,24
wh|ground and state flo,13
wh|ground flo,3
wh|grounds,1
wh|grounds of,3
wh|gww37,2
wh|housekeepi,2
wh|jake sullivan's offi,3
wh|jfk,7
wh|lafayette,2
wh|laundry housekeeping,1
wh|lawn,1
wh|lower east executive,1
wh|lower pres,8
wh|lower press,7
wh|lower press press br,2
wh|lower suite,1
wh|main kitch,1
wh|main kitchen,9
wh|main kitchen exr,5
wh|main kitchen residen,1
wh|map room,3
wh|mds office,1
wh|medical cl,4
wh|medical of,3
wh|medunit th,1
wh|movie thea,1
wh|navy mess,39
wh|none,1
wh|north driv,5
wh|north lawn,90
wh|north port,21
wh|nsa suite,4
wh|nsc lower suite ww,1
wh|nsc suite,1
wh|nsc upper,1
wh|old family,1
wh|outer oval,4
wh|oval,62
wh|oval and r,4
wh|oval offic,406
wh|oval office,77
wh|oval ofice,3
wh|oval stat,8
wh|oval west,2
wh|oval ww,1
wh|palm room,3
wh|parking,1
wh|pastry sho,4
wh|pdnsa offi,1
wh|pdnsa suit,6
wh|pebble bea,5
wh|pebble beach,6
wh|pennsylvan,17
wh|pmo office,1
wh|power sect,1
wh|press brie,6
wh|press briefing room,27
wh|press lobb,2
wh|press offi,10
wh|press room,3
wh|private ew tour,5
wh|private re,1
wh|pro office,1
wh|rec clinic,10
wh|red room,2
wh|red room/w,5
wh|res,178
wh|res-- east,6
wh|res- north,3
wh|res- state,84
wh|res- state dining ro,1
wh|res-state,16
wh|res-state floor,982
wh|res - 119,1
wh|res - east,3
wh|res - east room,1
wh|res - ew &,3
wh|res - grou,8
wh|res - it office,1
wh|res - map,6
wh|res - rose,10
wh|res - stat,6322
wh|res - state dining r,7
wh|res - state floor,2019
wh|res - tour,1
wh|res -ew &,18
wh|res -state floor,84
wh|res b26,1
wh|res baseme,2
wh|res blue r,2
wh|res blue room,18
wh|res bm b3,3
wh|res bmb3,9
wh|res cinic,6
wh|res clinic,438
wh|res clinin,1
wh|res curators office,2
wh|res dip ro,3
wh|res diplomatic room,1
wh|res east,12
wh|res east r,37
wh|res east room,18
wh|res electr,2
wh|res g15,13
wh|res g3c,4
wh|res main kitchen,1
wh|res map r,14
wh|res map ro,10
wh|res med cl,25
wh|res med clinic,8
wh|res medica,10
wh|res medical clinic,2
wh|res palm,1
wh|res s lawn,1
wh|res sdr,4
wh|res south,8
wh|res south lawn,44
wh|res state,56
wh|res state floor,24
wh|res tour,1
wh|res white,1
wh|res. grou,3
wh|res/b27,1
wh|res/flower,2
wh|res/south grounds,3
wh|res: state,14
wh|residence,294
wh|residence clinic,15
wh|residence east room,2
wh|residence ground and,8
wh|residence main kitch,2
wh|residence south port,1
wh|residence tbd room,4
wh|residence ushers off,2
wh|rk office,1
wh|rm 1,6
wh|room 18 pa,1
wh|roosevelt,410
wh|roosevelt room,124
wh|rose garde,573
wh|rose garden,10
wh|rose garden event,2
wh|rr rosevel,1
wh|sdr res,1
wh|sec. of wa,3
wh|sherman pa,3
wh|sit room,2
wh|sit room/w,1
wh|sitroom,27
wh|situation,111
wh|situation room,17
wh|sms exec,3
wh|sms large,1
wh|sms/ww,2
wh|south cour,2
wh|south court auditori,5
wh|south driv,10
wh|south drive,1
wh|south grou,14
wh|south grounds,3
wh|south lawn,24406
wh|south lawn/ww,3
wh|southlawn,2
wh|state dini,53
wh|state dining,2
wh|state dining room,59
wh|state floo,948
wh|state floor,123
wh|state plac,67
wh|state place,24
wh|state place parking,1
wh|storeroom,5
wh|storeroom/penn ave d,1
wh|suite,5
wh|sullivans office,2
wh|tbd,2
wh|the residence east r,3
wh|the white,1
wh|theater,2
wh|tour,6
wh|upper east,12
wh|upper east exec,1
wh|upper east executive,2
wh|upper press,14
wh|upper suit,2
wh|upstairs w,2
wh|usher offi,10
wh|ushers,3
wh|ushers of,78
wh|ushers off,3
wh|ushers office,53
wh|ushers office pony s,12
wh|ushers office reside,4
wh|usss locat,2
wh|various,1
wh|various locations,1
wh|visitors office,3
wh|vp office,25
wh|vp office 1st floor,9
wh|vp ww,1
wh|vp ww offi,3
wh|vp ww office,7
wh|vpo,1
wh|vpotus off,1
wh|vpotus ww,3
wh|vps ww off,6
wh|w16,1
wh|walkthroug,4
wh|ward,3
wh|ward room,30
wh|ward ww,10
wh|west exec,19
wh|west lobby,1
wh|west wing,16041
wh|west wing 1-b upper,6
wh|west wing 121,10
wh|west wing and reside,45
wh|west wing lobby,6
wh|west wing lobby and,6
wh|west wing lobby/roos,6
wh|west wing lower suit,2
wh|west wing press offi,1
wh|west wing suite,1
wh|west wing whsr,1
wh|west wing:,10
wh|wh,1
wh|wh 121,1
wh|wh enter w,4
wh|wh exec,1
wh|wh mess,7
wh|wh mess/ww,1
wh|wh res eas,1
wh|wh res east room,2
wh|wh res south lawn,9
wh|wh state f,7
wh|wh/ww,1
wh|wh212,1
wh|white hous,31
wh|white house situatio,112
wh|white house tour,2
wh|whmo,2
wh|whmo south,2
wh|whmo/flotu,2
wh|whmu,3
wh|whmu clinics,8
wh|whmu eeob,2
wh|whmu residence clini,2
wh|whnl,5
wh|whsr,1066
wh|whsr- exec,3
wh|whsr- jfk,4
wh|whsr-jfk,1
wh|whsr - jfk,2
wh|whsr - wes,3
wh|whsr & chief of staf,2
wh|whsr breakout,2
wh|whsr breakout room,1
wh|whsr confe,1
wh|whsr exec,148
wh|whsr exec - ww,3
wh|whsr jeh,1
wh|whsr jfk,130
wh|whsr jfk c,2
wh|whsr jfk w,2
wh|whsr jfk ww,4
wh|whsr sms,1
wh|whsr ww,74
wh|whsr/ww,17
wh|wsr exec,3
wh|ww,593
wh|ww- 225,1
wh|ww- navy m,1
wh|ww- oval o,1
wh|ww- roosev,2
wh|ww- white,4
wh|ww- whsr,1
wh|ww-132,155
wh|ww-208,3
wh|ww-210,6
wh|ww-g74,13
wh|ww-vpotus,1
wh|ww-white h,2
wh|ww-whsr,18
wh|ww -- whsr,11
wh|ww - 132,1
wh|ww - 221,6
wh|ww - 225,11
wh|ww - apnsa,9
wh|ww - cabin,18
wh|ww - chief,1
wh|ww - g74,5
wh|ww - jfk,5
wh|ww - navy,1
wh|ww - oval,24
wh|ww - room 144,1
wh|ww - roose,11
wh|ww - sit r,2
wh|ww - sitro,3
wh|ww - situa,2
wh|ww - situation room,2
wh|ww - upper press,1
wh|ww - vpo,1
wh|ww - ward room,2
wh|ww - white,10
wh|ww - whsr,62
wh|ww -225,1
wh|ww & resid,21
wh|ww & rose,52
wh|ww & south lawn,3
wh|ww / navy mess,1
wh|ww / state,6
wh|ww 1-a,1
wh|ww 10 firs,1
wh|ww 101,2
wh|ww 108,4
wh|ww 120,34
wh|ww 121,189
wh|ww 122,513
wh|ww 124- co,1
wh|ww 126,7
wh|ww 130 b,1
wh|ww 132,400
wh|ww 132 a,27
wh|ww 132 ee,1
wh|ww 140,54
wh|ww 141,7
wh|ww 145,101
wh|ww 152,45
wh|ww 153,40
wh|ww 1st floor,8
wh|ww 202,92
wh|ww 203,5
wh|ww 205,71
wh|ww 206,137
wh|ww 206 and oval offi,2
wh|ww 206/20,70
wh|ww 206/207,17
wh|ww 206/208,47
wh|ww 208,30
wh|ww 208/206,1
wh|ww 209,56
wh|ww 210,397
wh|ww 211,39
wh|ww 212,44
wh|ww 213,12
wh|ww 214,27
wh|ww 215,6
wh|ww 216,1
wh|ww 217,102
wh|ww 218,4
wh|ww 221,28
wh|ww 221 + s,3
wh|ww 223,112
wh|ww 225,33
wh|ww 226,1
wh|ww 2nd floor,13
wh|ww 47,4
wh|ww 66,1
wh|ww 72,2
wh|ww 74,2
wh|ww apnsa s,5
wh|ww apnsas office,1
wh|ww brady briefing ro,36
wh|ww briefin,55
wh|ww cos office,3
wh|ww east r,1
wh|ww east ro,1
wh|ww east room,8
wh|ww east roomn,2
wh|ww entry,2
wh|ww ew re,5
wh|ww g-58,1
wh|ww g-74,81
wh|ww g 50,1
wh|ww g37,3
wh|ww g47,241
wh|ww g48,46
wh|ww g49,4
wh|ww g50,95
wh|ww g58,1
wh|ww g59,15
wh|ww g66,18
wh|ww g67,2
wh|ww g68,5
wh|ww g68 &,4
wh|ww g68 & e,1
wh|ww g74,66
wh|ww g78,1
wh|ww gg 74,1
wh|ww gh,1
wh|ww hsa off,3
wh|ww jfk,28
wh|ww jfk conference ro,16
wh|ww lobby,332
wh|ww lobby &,13
wh|ww lobby/w,1
wh|ww lower press,1
wh|ww lower suite,1
wh|ww mess,3
wh|ww mess pick up,2
wh|ww navy me,3
wh|ww navy mess,10
wh|ww north l,2
wh|ww nsa sui,1
wh|ww nsa sul,1
wh|ww nsc 101,4
wh|ww nsc sui,1
wh|ww oval,35
wh|ww oval a,1
wh|ww oval o,34
wh|ww oval of,56
wh|ww oval office,2
wh|ww oval su,1
wh|ww pdnsa suite,4
wh|ww pebble,4
wh|ww pebble beach,1
wh|ww photo o,1
wh|ww post e1,10
wh|ww press b,6
wh|ww press briefing ro,1
wh|ww res,1
wh|ww rm 132,2
wh|ww rm#140,1
wh|ww room 122,1
wh|ww room 13,1
wh|ww room 20,1
wh|ww roosev,21
wh|ww rooseve,158
wh|ww roosevelt,2
wh|ww roosevelt room,96
wh|ww sit roo,1
wh|ww sitroom,81
wh|ww situat,8
wh|ww situati,55
wh|ww situation room,56
wh|ww south lawn,6
wh|ww state p,2
wh|ww tour,12
wh|ww upper press,3
wh|ww vip lob,2
wh|ww vp off,4
wh|ww vp offi,6
wh|ww vpo,1
wh|ww vps office,1
wh|ww ward ro,8
wh|ww ward room,3
wh|ww west ex,1
wh|ww wh lobb,1
wh|ww white,5
wh|ww white h,4
wh|ww white house navy,1
wh|ww white house situa,1
wh|ww whsr,310
wh|ww whsr breakout roo,1
wh|ww whsr co,1
wh|ww whsr e,44
wh|ww whsr ex,49
wh|ww whsr exec,3
wh|ww whsr j,7
wh|ww whsr jf,5
wh|ww whsr jfk,6
wh|ww ww lobb,33
wh|ww/124,1
wh|ww/145,8
wh|ww/210,2
wh|ww/221,2
wh|ww/cabinet room,1
wh|ww/cos 122,1
wh|ww/navy me,2
wh|ww/oval of,1
wh|ww/rm68,1
wh|ww/rooseve,5
wh|ww/rose ga,17
wh|ww/sit roo,1
wh|ww/sitroom,7
wh|ww/situati,4
wh|ww/whsr,11
wh|ww/whsr ex,15
wh|ww: apnsa suite,1
wh|ww: lobby,36
wh|ww: oval,55
wh|ww: oval a,11
wh|ww: oval e,1
wh|ww: oval o,16
wh|ww: roosev,180
wh|ww: west w,3
wh|ww: whsr,2
wh|ww: ww lob,30
wh|ww_whsr,1
wh|ww103,1
wh|ww106,1
wh|ww108,6
wh|ww116,5
wh|ww120,25
wh|ww121,78
wh|ww122,10
wh|ww124,1
wh|ww126,3
wh|ww132,13
wh|ww140,15
wh|ww145,91
wh|ww152,26
wh|ww153,28
wh|ww18,2
wh|ww1a,2
wh|ww1b,2
wh|ww201,8
wh|ww202,133
wh|ww203,2
wh|ww205,33
wh|ww206,52
wh|ww207,3
wh|ww208,30
wh|ww209,5
wh|ww210,42
wh|ww211,75
wh|ww212,42
wh|ww213,195
wh|ww214,5
wh|ww217,12
wh|ww218,2
wh|ww220,2
wh|ww221,4
wh|ww223,1
wh|ww37,47
wh|ww49,5
wh|ww66,14
wh|ww67,1
wh|ww68,6
wh|wwg37,6
wh|wwg40,9
wh|wwg47,4
wh|wwg49,3
wh|wwg68,1
wh|wwlobby,2
wh|wwmess,18
wh|wwsr,1
wh|wwt,5
