Meeting Room,n
#69,1
012 095,2
015 018,1
026/445,5
026B 053 095,1
027 - Didl,1
065 045 337 339,14
089/018,2
08b,5
08B,21
1,1474
1-A,1
10,5
100,26
100 RES,1
1000,1
10001,10
10002,6
10003,1
10008,2
10010,2
10011,2
10012,16
10015,1
10017,6
10019,1
10020,11
10021,1
10022,10
10024,1
10028,2
10029,41
10031,19
10033,99
10043,7
10044,2
10045,1
10046,2
10047,6
10052,4
10054,5
10056,1
100A,1
101,19
102,7
1020,1
10201,3
10202,18
10207,1
10209,2
10216,1
10220,1
10230,2
10236,6
10239,1
10256,8
10258,120
103,1
104,13
104A,9
105,8
106,15
107,96
1078,1
108,94
108A,14
108B,19
109,23
10th Floor,14
10th Floor Secure Wi,2
110,32
110-115,9
111,3
112,82
112A,9
114,43
115,111
115A,13
115B,9
116,99
118,3
118c,1
118C,3
12,10
120,42
120 and Ma,2
121,6
122,240
123,13
124,49
124 VPs Office,3
125,9
125B,1
126,130
127,7
128b,1
13,11
130,28
130A,1
132,33
132 A,9
132 WW,2
132A,2
134,88
135,23
135b,3
135B,2
136,5
137,2
137B,5
138,43
139,2
13A,3
14,53
140,40
140 / Pres,2
141,5
142,19
142B,2
143,18
143A,5
143B,2
143C,13
144,95
144A,4
145,25
146,15
147,4
148,5
149,5
15,10
1500,1
151,10
152,24
153,7
156,1
157,15
158,15
159,193
159/160,1
16,14
160,687
161,132
161.5,8
162,3
162A,9
162B,1
163,29
164,53
165,3
167,50
168,12
169,1
17,17
170,112
171,8
172,103
173,6
174,2
175,1
176,20
176A,1
177,6
177A,2
178,692
179,1
17th & Pen,2
17th/Penn,2
18,201
180,142
180-A,5
180 A,29
180a,2
180A,656
181,24
182,3
183,75
184,3
185,31
187,4
188,34
188A,11
189,1
18A,5
18WW,2
19,44
19-Jan,1
190,22
191,1
191B,3
192,20
193,5
194,40
195,4
196,4
197,18
198,67
199,60
1B29,5
1st floor,1
1st Floor,9
1st floor VPR,1
1st Floor WW - NSA S,4
1st floor/,2
1st Floor/Basement,2
1st floor/Pool Deck,1
1st Floor/Pool deck,1
2,18
20,14
200,239
2008,2
201,1
202,21
2020,28
2020 neob,2
202a,58
202A,10
202b,8
204,20
204a,3
205,80
206,152
207,8
208,123
208 East Wing,4
208 EW,8
209,9
21,62
210,1101
210-212,18
210/212,515
210/212 Di,23
211,3
212,668
212 Diplomatic Recep,10
212/210,4
2120,9
213,3
214,3
215,80
216,32
217,78
218,16
219,3
219 WW,2
22,3
220,15
2200,2
2200B,1
220A,15
221 WW,1
2210,2
2211B,6
222,1
223,14
224,1
225,11
226,914
226A,2
228,986
229,11
230,206
230  B,4
230 A,21
230 AW,14
230 B,43
2303,2
230a,94
230A,2109
230b,24
230B,914
230B and SMS,1
233,44
234,433
235,15
235b,3
235B,4
236,788
236 and SMS,1
236B,3
236W,6
237,9
238,123
239,24
240,26
242,39
243,28
243 b,1
243 B,17
243D,2
245,1
246,40
248,223
249,2
25,268
25 Airlift,1
250,33
251,7
252,212
252-B,1
252 b,10
2520,1
252b,68
252B,82
253,22
254,2
255,2
256,8
257,1
258,36
26,3
260,225
261,20
262,32
263,17
264,99
265,59
267,34
268,6
269,1
269A,1
27,43
270,19
271,12
272,16
273,134
274,255
276,457
278,4
279,80
279A,7
280,53
281,3
282,37
284,61
285,1
286,36
287,5
288,23
289,1
290,7
291,187
292,9
2nd floor,2
2nd Floor,11
3,1
3-001,1
300,22
3001,51
3002,132
3002 ESC Conference,6
3002A,1
3002B,18
3007,12
301,1
3012,1
3015,154
3015 & 320,9
3015 & 4220,2
3015 5001,1
3019,19
302,7
3020,107
3021,16
3025,183
3026,6
302a,1
302A,16
305,5
305/307,2
306,1
307,96
308,11
309,2
310,2
3102,4
3104,7
3109,14
311,195
3113 4226,1
312,358
315,9
316,161
316 333 335 337 339,1
316A,1
318,19
319,458
320,12
3200,2
3201,581
3202,448
3203,18
3209,1
321,144
322,1
3230,2
325,193
326,626
3265,2
327,2
330,176
330 SMS E,10
330B,1
3315,1
333,38
333 337 339 044,6
336,88
337,3
337 -339,7
338,3
339,46
340,115
341,4
342,9
343,16
344,180
345,1
346,71
348,2
350,3698
351,459
353,90
358,1
359,10
360,186
361,3
362,2
364,45
367,466
368,24
37,24
371,7
372,2
373,3
374,3861
374  SMS,5
374 Exec,2
374 SMS,8
374 SMS E,1
374 SMS Ex,3
374 sms exec,1
374 SMS Exec,7
374 SMS Exec.,11
374 SMS L,11
374 SMS La,2
374 SMS Large,63
374 SMS S,5
374 SMS Sm,4
374 SMS Small,5
374/SMS,1
374/SMS Ex,2
374/SMS La,4
375,11
376,32
380,76
381,492
382,9
384,3
386,475
387,60
389,52
390,51
393,258
393 and SM,2
394,41
396,1
3rd floor,1
40-,2
400,28
4000,100
40014.7,1
402,4
404,5
405,61
407.6,2
4106,6
411,18
412,34
412a,1
412A,495
413,9
414,28
415,73
418,117
418/230B,1
419,253
420,4
4208,36
4218,8
4218A,2
422,203
4220,106
4221,51
4222,1
425,450
426,3
428,781
430,195
430 234,1
432,5
434,1
437,22
438,7
44,15
441,14
441 Ikes,1
442,344
4421,4
444,137
445,2863
445 WHSR,26
4450,26
446,11
448,261
449,3
450,119
4500,1
451,11
451B,1
453,22
454,203
455,20
456,1
457,33
458,6
459,25
460,527
462,158
463,4
464,3
467,12
468,210
47,6
470,40
471,1
472,783
473,35
474,427
474 - Indian Treaty,59
476,611
476 472 180A,24
478,11
479,4
480,3
483,1
484,4
485,9
486,6
488,16
489,7
490,516
491,5
492,15
492A,4
493,69
495,32
495A,2
496,2
497,234
498,2
498A,6
499,2
4th Floor,5
5001,5
5002,28
5013,129
5016,1
5020,43
505,1
5103,1
513,4
514,2
518,14
52,3
5200,31
5200 and 734JP,2
5200 room,1
524,1
526,2
528,4
53,8
531,1
536,3
54,4
545,8
55,2
551,1
551B,6
553,1
553B,6
561,2
564,4
58,10
580,19
591,1
592,5
594,23
595,1
596,2
5TH FL,1
5th floor,1
60,2
6019,2
6020,2
6025,3
6027,2
6030,21
6037,1
6039,1
6043,5
6050,1
6069,1
6079,13
61,12
61.5,39
62,191
6201,3
6208,2
6235,2
65,16
66,1
67,12
68,48
69,21
7,1
7-228,2
70,13
7002,8
7013,14
7025,4
7026,1
71,3
712 Jackso,3
712 Jackson Pl,1
712 Jackson Pl NW,2
712 jackson place,2
712 Jackson Place,29
712 Jackson Place 3r,5
712 Jackson Place NW,15
71246,1
712n Jackson Place,1
716,4
716 Jackson Place Ro,1
716JP Room 103,5
7202,1
7208,2
7215,8
7216,1
7217,7
7228,5
7235,4
7236,10
730,11
730  Jackson Place,3
730 Jackso,96
730 Jackson Pl,4
730 Jackson Place,163
730 Jackson Place 1s,7
730 Jackson Place Ba,11
730 Jackson Place Co,9
730 Jackson Place Fi,1
730 JP,73
730 JP  1s,3
730 PLace,7
734 JP,5
734 JP 2nd,3
736,33
736 Jackso,4
736 JP,26
74,5
76,231
76a,3
77,18
77/79,1
78,10
79,105
7th floor,1
8,3
80,93
8001,11
8002,5
8013,1
8025,2
8026,7
81,5
8116,5
8202,9
8211,14
8211 and 4208,2
8215,1
8225,4
8235,3
8236,4
85,2
86,8
88,37
89,6
90,3
9001,99
9002,3
9003,1
9005,2
9008,1
9010,3
9011,10
9011b,4
9012,12
9014,9
9016,1
9018,9
9020,1
9025,3
9030,9
9040,1
9044,2
9047,8
9058,1
91,1
9113,1
92,1
9201,1
9210,1
9211,2
9217,4
9218,6
9220,1
9226,1
9230,2
9240,3
9241,1
9243,1
9258,174
9264,1
9268,12
9270,5
9274,1
93,1
94,141
9528,2
96-WHMU me,3
97,542
97-WHMU Cl,6
97-WHMU Me,4
97 - WHMU,2
97 COVID,1
97 Medical,1
97 WHMU,8
9th floor,16
A1,1
AirOps Rm,1
AirOps RM,1
AIROPS RM,1
All,3
APNSA Offi,5
APNSA office,1
APNSA Office,3
APNSA Suit,16
APNSA Sullivan Suite,4
B-27 RES,3
B01,2
B1 Carpent,1
B19,4
B25,86
Badge Issuance,1
Badge Room,1
Badging Of,1
Balcon,1
basement,1
Basement,198
Basement and first f,34
Basement first floor,31
Basement First Floor,15
Basement/ 1st Floor,4
Basement/1,19
Basement/1st Floor,16
Basement/2,1
Basement/P,6
Basement/Pool Deck,2
BH,1
Blair Hous,1
BLDG 16,2
Bldg 19,1
BLDG 19,14
BLDG 19 PARKING LOT,1
BLDG 91,4
Bldg. 19,3
Blue Room,1
Bookseller,1
Bowling Alley,4
Bowling Alley - 037,660
BR,23
Brian Deeses Office,1
Briefing,1
Briefing R,74
Briefing Room,14
BRITISH EM,1
BRs Office,1
Bruce Reeds Office,1
Building 1,3
BUILDING 1,36
Building 19,5
BUILDING 19,9
BUILDING 5,1
BUILDING 9,1
Cabinet,1
Cabinet Affairs Balc,1
Cabinet Ro,4
Cabinet Room,2
Cafe,9
Cafeteria,17
Ceremonial,111
Ceremonial Office,32
Chief Ushe,4
clinic,1
Clinic,10
CLINIC,3
Conf. Room 730 1st F,16
Conference,2
Conference Rm 3015,1
Conference Room,1
Conference Room 1st,1
Cordull Ha,1
Court yard,8
Courtyard,91
CR 3015,5
cr neob 9258 CR JPO,52
CR OMB EEO,1
CR3015,2
Curator St,4
Dining room,1
Dip Recept,1
Dip Reception Room,25
Dip Reception Room a,47
Dip Reception Room R,7
Dip Room,18
dip. reception room,23
Diplomatic,192
Diplomatic 210/12,2
Diplomatic Reception,168
Diplomatic Room,5
Driver - Staying in,1
Driver drop-off,1
Driveway,3
Drop at We,1
Drop off at P1,5
Drop off at Post 1,8
Drop off by P1,2
E102,1
E102  EW,4
E102 EW,4
E2026,54
East BallR,14
East BallRoom,10
East Exec,39
East Exec/,7
East Execu,51
East Executive Drive,12
East garag,2
East Recep,27
East Reception,10
East Reception Room,13
East Room,2052
East Room-,3
EAST ROOM,29
East Room-RES,17
East Tradesman Resid,1
East wing,1
East Wing,290
East Wing-,10
EAST WING,2
East Wing- RES,6
East Wing - East Rec,7
East Wing - Res,24
East Wing - RES,3
East Wing -RES,5
East Wing 208,4
East Wing 216,2
East Wing 218,1
East Wing 222CD and,18
East Wing 226 / Dipl,1
East Wing East Recep,1
East Wing Reception,2
East Wing Rm 216,6
East Wing Rm 6,2
East Wing room 206,3
East Wing Room 206,6
East wing room 208,7
East Wing Room 208,1
East Wing WHMO 216 &,2
EBR,3
EE,1
EEOB,42
EEOB-WHSR,1
EEOB - SMS,2
EEOB - SoW,13
EEOB - SoW 230B,2
EEOB 108,4
EEOB 112,9
EEOB 127,8
EEOB 178,38
EEOB 18,2
EEOB 180A,10
EEOB 184,3
EEOB 187,1
EEOB 188A,5
EEOB 199,1
EEOB 2010,2
EEOB 210,2
EEOB 210/2,128
EEOB 226,15
EEOB 228,3
EEOB 230A,12
EEOB 230B,6
EEOB 236,4
EEOB 238,9
EEOB 250,1
EEOB 264,2
EEOB 274,1
EEOB 276,9
EEOB 302A,2
EEOB 307,3
EEOB 320,1
EEOB 330,3
EEOB 333,1
EEOB 343,5
EEOB 344,9
EEOB 350,102
EEOB 353,2
EEOB 355,1
EEOB 374,45
EEOB 386,1
EEOB 422,6
EEOB 428,17
EEOB 430,1
EEOB 432,2
EEOB 442,6
EEOB 445,15
EEOB 460,2
EEOB 474,85
EEOB 476,3
EEOB 490,6
EEOB 60,8
EEOB 68,4
EEOB 71,2
EEOB 79,15
EEOB 94,13
EEOB 97,27
EEOB 97 E,1
EEOB 97 th,1
EEOB Bowling Alley -,19
EEOB Clini,25
EEOB Conf,8
EEOB Halloween,5
EEOB MedUn,1
EEOB N. Court Loadin,1
EEOB Rm 35,8
EEOB RM 68,2
EEOB Rm 82,2
EEOB Rm. 4,2
EEOB room,9
EEOB ROOM,5
EEOB SMS L,9
EEOB SoW 2,1
EEOB SoW 228,16
EEOB SoW 230A,18
EEOB TOUR,12
EEOB WHMU,4
EEOB/Southlawn,1
eeob120,2
EEOB18,1
EEOB217,4
EEOB230B,3
EEOB350,2
Electric s,2
Electric Shop,3
Ellipse Pa,1
Enter WW,9
EOB 159,1
EOB 226,2
EOB 228,2
EOB 428,4
EOB 476,1
EOB 97,4
ERR,1
ET4,1
EW,214
EW- RES,1
EW-1-19,11
EW-208,1
EW-Reception Room,3
Ew-RES,1
EW-Res,43
EW-RES,398
EW-RES/SOUTHLAWN,6
Ew-RES/Southlawn/EEO,9
EW - 107,1
EW - 208,6
EW - East,11
EW - East Reception,2
EW - Julis,1
Ew - RES,12
EW - Res,11
EW - RES,5813
EW - RES - WW,2
EW - State,4
EW - State Floor,48
EW - State Room,9
EW - Visit,3
EW -East R,3
EW -RES,1
EW  1-16,4
EW & PFS,2
Ew & Res,5
EW & South,26
EW 1-19,22
EW 1-8,2
EW 107 and,1
EW 108,3
EW 118,9
EW 119,1
EW 121,1
EW 129,9
EW 13-800,1
EW 2-5,19
EW 200,6
EW 201,1
EW 202,2
EW 204,10
EW 204/sou,1
EW 206,137
EW 208,103
EW 209,2
EW 212,1
EW 216,2335
EW 217,50
EW 218,2
EW 220,2
EW 222,1
EW 223,16
EW 225,16
EW 226,2
EW 228,9
EW Bookse,1
EW Calligraphy Room,2
EW Conference room 2,4
EW East Executive Dr,1
EW East Re,22
EW East Reception,3
EW East reception ro,1
EW East Reception Ro,1
EW East Ro,4
EW East Room,4
EW EBR,8
EW ERR,2
EW ERR and,2
EW front desk,5
EW Holiday,77
EW Kennedy Garden,10
EW Lobby,2
EW MilAide,2
EW Movie T,1
EW RES,108
EW Rm 12,1
EW Rm 2-5,6
EW Rm 208,5
EW RM 208,2
EW Room 2,1
EW Room 221,1
EW South Lawn,41
ew state,1
EW State,56
EW State D,1
EW State F,32
EW State Floor,24
EW State Floor / Sou,5
EW tour,23
EW Tour,155
EW TOUR,102838
EW VO,7
EW WHMO HQ,6
EW WHVO #1,7
EW/ RES,25
EW/125,1
EW/206,1
EW/216,6
EW/Penn Av,6
EW/RES,1
EW/WW,3
EW: Callig,1
EW: East R,44
EW: State,4
EW: Vermei,1
EW@06,7
EW102,1
EW106,60
ew206,30
EW206,3710
EW2067,166
EW208,2
EW2106,23
ew216,1
EW216,425
EW223,36
EW223 and,2
EWS,14
Exec,9
Executive,40
Executive Dining Roo,1
Executive Residence,72
EXR,3
EXR-State,3
EXR and Gr,12
EXR Room UG-18 NPS G,2
EXR Ushers,1
Finance Office,3
First Division Park,5
First floo,2
First Floo,4
First floor,467
First Floor,86
First floor and base,33
First floor and outs,4
First floor and pool,158
First floor and thir,1
First floor/basement,2
First floor/pool dec,22
Fist Floor,5
Floor 2 OP,2
Floral Shop Residenc,1
Foyer,1
Front lawn,33
Front Lawn,3
Full Residence,1
G-72,2
G-74 WW,1
g102,5
G102,13
G102 Medic,1
G37,2
G40,2
G47,5
G50,3
G59,9
G59 WW,17
G66,5
G74,24
GCR,5
Gift shop,1
Gift Shop,4
Gift Store,2
GILLISS AVE/P1,1
Ground and State Flo,13
Ground Flo,1
GROUND FLO,2
grounds,1
Grounds,1
Grounds an,3
Grounds Of,3
GWW37,2
Housekeepi,2
HRD 3RD FL,1
IAP,2
Ikes,18
Ikes Cafe,1
Ikes Eate,5
Ikes Eater,4
ILC EATERY,1
Indian tre,23
Indian Tre,83
Indian Treaty Room,578
Ironsides Room,3
IT Office,1
ITR,75
ITR 474,10
ITR Indian Treaty Ro,21
Jackson 71,1
Jackson Pl,11
jackson place,1
Jackson Place 712,1
Jackson Place 734 Co,2
Jake Sullivan's Offi,3
JFK,7
JP,33
JP 10012,3
JP 104,2
JP 236,1
JP 3rd Floor,8
JP 708,1
JP 712,3
JP 716,163
JP 722,2
JP 730,10
JP 734,15
JP 734 1st Floor Con,4
JP 734 2nd Floor Con,3
JP 734 3rd floor,2
JP 736,8
JP 736 fir,6
JP CEQ Conference Ro,1
JP has 736,1
JP103,2
JP104,4
JP712,40
JP716,15
JP716 103,1
JP716 Rm10,3
JP730,66
JP734,71
JP736,8
JP736 firs,2
Kitchen and first fl,10
Lafayette,2
laundry Housekeeping,1
Lawn,165
Library,3
Loading Do,5
Loading Dock,7
Loading Zone,2
Lower East,3
Lower East Executive,1
Lower Pres,8
Lower Press,7
Lower Press Press Br,2
Lower Suite,1
MAIN GATE,4
Main Kitch,1
Main Kitchen,9
Main Kitchen EXR,5
Main Kitchen Residen,1
Map Room,3
MC,1
MDs office,1
Med Unit 9,1
Medical,4
Medical Cl,10
Medical Clinic,2
MEDICAL OF,3
Medical Un,2
Medical Unit,1
MedUnit 97,1
MedUnit th,1
Movie thea,1
N Court,5
N. Court,2
N/A,3
N/A general architec,3
Navy Mess,35
"NAVY MESS",3
Navy Mess/,1
Navy Steps,6
NEOB 3015,7
Neob B208,2
NEOB Cafe,1
NEOB Cafet,3
NEOB clini,4
NEOB Clini,2
NEOB garage,3
NEOB Loadi,2
None,1
North and,2
North Court,11
North driv,2
North Driv,31
North Drive,3
North Drive and West,2
North Grou,3
North Lawn,90
North Port,21
NSA Suite,4
NSAO,3
NSC Lower Suite WW,1
NSC Suite,1
NSC Upper,1
O-19,4
O-21,29
O18,7
O19,12
O20,3
O21,5
O62,1
O89,6
O8B,3
Office of,1
Old Family,1
Old Iron S,5
OMB Balcony,6
Onboarding,1
OSTP,1
Outer Oval,4
Outside of P1,2
Outside of the Resid,9
Oval,58
OVAL,4
Oval and R,4
Oval Offic,406
Oval Office,77
Oval Ofice,3
Oval Stat,8
Oval West,2
Oval WW,1
P1,3
Palm Room,3
Parking,1
Parking garage,1
PARKING GARAGE,1
Parking on,2
Pass &ID,1
Pass and I'd,1
pass offic,1
Pass offic,1
Pass Offic,13
PASS OFFIC,13
Pass Office,9
Pass Office 17,1
PASS OFFICE ROOM 18,2
Pass/ID Office,1
Pastry Sho,4
PDNSA Offi,1
PDNSA Suit,6
Pebble Bea,5
Pebble Beach,6
Penn Ave/South Drive,6
Pennsylvan,17
Penthouse,6
Personnel Security,1
PFS,1
Picnic Tab,1
PIV Office,2
PMO Office,1
Pool deck,8
Pool Deck,6
Pool deck/Basement,2
Pool House,4
POOL HOUSE,1
Pool side/first floo,94
Pool/Basem,2
Poolside/first floor,2
Portico poolside fir,44
Post 1,14
POST 1,1
Post 5,26
Power Sect,1
PPR GCR,1
Press Brie,6
Press Briefing Room,27
PRESS LOBB,2
Press Offi,10
Press Room,3
Private EW Tour,5
PRIVATE RE,1
PRO Office,1
Pull through Post 5,2
QUARTERS A,15
Rec Clinic,10
Red Room,2
Red Room/W,5
res,1
Res,130
RES,49
Res-- East,6
Res- North,3
RES- State,84
Res- State Dining Ro,1
res-state,1
Res-State,1
RES-State,13
RES-STATE,1
res-state floor,8
Res-state floor,5
Res-State Floor,566
RES-STATE FLOOR,403
Res - 119,1
Res - East,3
Res - East Room,1
RES - EW &,3
Res - Grou,8
Res - IT Office,1
Res - Map,6
Res - Rose,3
RES - Rose,7
res - stat,3
res - STAT,1
Res - stat,24
Res - Stat,7
RES - stat,5
RES - Stat,6261
RES - STat,2
RES - STAT,19
Res - State Dining R,7
res - state floor,3
Res - state floor,2
Res - State Floor,21
RES - State floor,2
RES - State Floor,1847
RES - STATE FLOOR,144
Res - tour,1
Res -EW &,18
RES -STATE FLOOR,84
res b26,1
Res Baseme,2
Res Blue R,2
RES Blue Room,18
res bm b3,1
res BM B3,2
res bmb3,5
res bmB3,1
res BMB3,2
Res bmb3,1
RES CINIC,6
res clinic,1
Res clinic,6
Res Clinic,290
RES clinic,2
RES Clinic,42
RES CLINIC,104
Res Clinin,1
Res Curators Office,1
RES Curators Office,1
Res Dip Ro,3
Res Diplomatic Room,1
Res East,12
Res East R,33
RES East R,4
Res East Room,18
Res Electr,1
RES electr,1
res g15,11
res G15,2
Res G3C,4
RES Main Kitchen,1
Res Map R,14
Res Map Ro,10
Res Med Cl,25
Res Med Clinic,8
Res Medica,10
Res Medical Clinic,2
Res Palm,1
RES S Lawn,1
Res SDR,15
RES SDR,2
res south,1
Res south,3
Res South,57
Res South Lawn,44
Res State,51
RES State,1
RES STATE,4
Res state floor,12
Res State Floor,12
Res Tour,1
RES White,1
RES. Grou,3
RES/B27,1
Res/flower,2
Res/South Grounds,3
RES: State,14
residence,1
Residence,301
REsidence,1
RESIDENCE,245
Residence clinic,4
Residence Clinic,11
Residence East Room,2
Residence Ground and,8
Residence Grounds,2
Residence Main Kitch,2
Residence South Port,1
Residence TBD Room,4
Residence Ushers Off,2
RESIDNCE,4
Restroom,1
RK office,1
RM 014 SC,4
Rm 1,6
Rm 111,2
Rm 157,1
RM 159,57
RM 160,6
RM 161,1
RM 170,2
Rm 171,2
RM 178,1
RM 18,9
RM 18 Pas,1
Rm 180,6
RM 189,1
RM 210 Dip,7
Rm 210/212,20
RM 22,1
Rm 226,2
RM 230A,2
RM 230B,1
Rm 25,8
Rm 27,2
RM 274,3
RM 276,1
Rm 3201,1
RM 3201,2
Rm 326,2
Rm 350,3
RM 350,2
Rm 374  WHSR SMS,8
RM 42 - TS,2
Rm 441,1
Rm 445,2
Rm 472,3
RM 472,8
RM 474,13
Rm 491,1
RM 522,1
RM 62,2
RM 65,8
RM 76,1
RM 76 A,1
RM 80,2
Rm 94,1
RM 97,16
RM#18,1
Rm. 374,2
RM/210/212,3
RM014,4
RM08B,4
RM18,2
RM4221,5
RM430,7
RM87,1
roof anten,1
Room #1,1
Room 1,3
Room 12,3
Room 15,1
Room 157,3
Room 159,1
room 18,3
Room 18,14
ROOM 18,7
Room 18 Pa,1
Room 19,2
Room 200,8
Room 21,1
Room 226,2
Room 230B,2
Room 3104,2
Room 347 SMS Large,4
Room 350,2
Room 353,1
Room 374 SMS Large,2
Room 404,1
room 450,2
Room 450,1
Room 460,12
Room 47,2
Room 472,8
Room 474,1
Room 476,17
Room 497,1
Room 60,4
Room 68,1
Room 70,1
ROOM 91,1
Room 94,1
Room 97,9
Room O18,6
Room SoW 228,1
Roosevelt,394
ROOSEVELT,16
Roosevelt Room,123
ROOSEVELT ROOM,1
Rose garde,2
Rose Garde,570
ROSE GARDE,1
Rose garden,5
Rose Garden,5
Rose Garden Event,2
RR ROSEVEL,1
S0W236,34
SB- 220,1
SB-220,5
SB-221,2
SB-236,12
SB 229,6
SB 235,1
SB 236,2
SB22,1
SB220,5
SB221,1
SB233 SB2,1
SB235,3
SB235 401,1
sb236,1
SB236,34
SCa,1
SCA,222
SCA RM014,2
SDR Res,1
Sec. of Wa,3
Secretary,9
Sherman Pa,3
Sit room,1
Sit Room,1
Sit Room/W,1
SitRoom,27
Situation,111
Situation Room,17
sms,1
SMS,272
SMS-Exec,12
SMS-EXEC,2
SMS-Large,4
SMS-Small,2
SMS 374,9
SMS 376,1
SMS Breakout Room,1
SMS Conference Room,1
SMS exec,1
SMS Exec,219
SMS EXEC,19
SMS Exec 3rd fl,2
SMS Exec 3rd floor,2
SMS Exec C,2
SMS Exec/,7
SMS Exec/3,3
sms large,2
SMS Large,414
SMS LARGE,7
SMS Large Room 374,2
SMS Large/,15
SMS RM 374,1
SMS Room 374,3
SMS Rooms,6
SMS Small,113
SMS SMALL,2
SMS Small/,3
SMS Suite,1
SMS/374,1
SMS/390,1
SMS/WW,2
south cour,2
South cour,1
South Cour,280
South Court,28
South Court Aud,6
South Court Auditori,142
South Driv,28
South Drive,7
SOUTH FACADE,1
South Grou,19
South grounds,1
South Grounds,2
south lawn,11
South Lawn,3602
South LAwn,1
SOUTH LAWN,20792
South Lawn/WW,3
South Port,2
Southlawn,2
SoW,14
SOW,9
SOW-236,1
SoW-A,12
SoW  230A,15
SoW 2206,9
Sow 226,1
SoW 226,104
SOW 226,7
SoW 228,133
SOW 228,28
SOW 230,2
SoW 230 A,8
SoW 230 B,4
SOW 230 B,5
SoW 230A,132
SOW 230A,45
SoW 230B,111
SOW 230B,13
sow 236,4
SoW 236,114
SOW 236,10
SoW 320B,1
SOW EEOB 230B,3
SoW Suite,11
SoW Suite 236,1
SoW226,4
Sow230A,7
SoW230A,4
SOW230B,8
SoWA,1
SOWA,1
SP-236,1
Stata Plac,12
State,2
State Department Lib,2
State Dini,53
State Dining,2
State Dining Room,59
state floo,1
State Floo,947
State Floor,123
State Palc,5
State Pl.,18
State Plac,801
STATE PLAC,6
State place,1
State Place,224
State Place and West,1
STATE PLACE for Secu,2
State Place Parking,5
Staying in Car - not,2
Storeroom,5
Storeroom/Penn Ave D,1
Suite,5
SUITE 3019,1
Suite 5200,7
Suite 5200 Office 53,1
Sullivans Office,2
TBC,6
tbd,1
TBD,177
TBD Halloween Tour,1
Tech,1
The Residence East R,3
The White,1
Theater,2
tour,3
Tour,6
TOWER,1
Truman Bow,1
TRUMAN BOWLING ALLEY,13
TSD-PDL,1
Upper East,13
Upper East Exec,1
Upper East Executive,2
Upper Press,14
Upper Suit,2
Upstairs W,2
USDS Room,1
Usher Offi,10
Ushers,3
Ushers Of,78
ushers off,1
Ushers Off,2
ushers office,2
Ushers Office,50
USHERS OFFICE,1
Ushers Office Pony S,12
Ushers Office Reside,4
USSS Locat,2
USSS Pass,1
USSS PASS OFFICE,1
Various,1
Various Locations,1
Veranda pool deck ba,9
Veranda pool deck fi,42
Vice Presi,4
Visitors Office,3
VP's Cerem,4
VP 286,10
VP Ceremon,187
VP Ceremonial,8
VP Ceremonial Office,30
VP Office,25
VP Office 1st Floor,9
VP WW,1
VP WW Offi,3
VP WW Office,7
VPO,1
VPOTUS Cer,32
VPOTUS Off,1
VPOTUS WW,3
VPR,1243
VPR 1st Floor,1
VPR 3rd floor,1
VPR 3rd Floor,1
VPR Driveway,5
VPR First Floor,8
VPR Lawn,465
VPR Pool,249
VPR Pool Deck,30
VPR POSTS,20
VPs WW Off,6
W16,1
Walkthroug,4
Ward,3
Ward Room,30
Ward WW,10
Water Filt,1
West Exec,43
WEST EXEC,7
West Exec Ave.,1
West Execu,19
WEST EXECU,3
West Lobby,1
west wing,13
West wing,1
West Wing,245
WEST WING,15773
West Wing 1-B Upper,6
West Wing 121,10
West Wing and Reside,45
West wing lobby,1
West Wing Lobby,5
West Wing Lobby and,6
West Wing Lobby/Roos,6
West Wing Lower Suit,2
West Wing Press Offi,1
West Wing Suite,1
West Wing WHSR,1
West Wing/,10
West Wing:,10
WH,1
WH 121,1
WH Clinic,1
WH Enter W,4
WH Exec,1
WH Medical,2
WH Mess,7
WH Mess/WW,1
WH Res Eas,1
WH Res East Room,2
WH Res South Lawn,9
WH State F,7
WH/WW,1
WH212,1
White Hous,31
WHITE HOUS,1
White house Situatio,1
White House situatio,1
White House Situatio,110
White House Tour,2
WHMO,2
WHMO HQ,1
WHMO Offic,3
WHMO Secur,6
WHMO SECUR,2
WHMO South,1
WHMO SOUTH,1
WHMO/FLOTU,2
whmu,4
WHMU,79
WHMU-92,1
WHMU - 97,1
WHMU 97,22
WHMU Clini,3
WHMU Clinic,6
WHMU Clinics,8
WHMU EEOB,2
WHMU Residence Clini,2
WHMU RM 97,5
WHMU Room,3
WHNL,5
WHSR,1074
WHSR- Exec,3
WHSR- JFK,4
WHSR-JFK,1
WHSR - JFK,2
WHSR - Wes,3
WHSR & Chief of Staf,2
WHSR Breakout,2
WHSR Breakout Room,1
WHSR Confe,1
WHSR Exec,96
WHSR EXEC,65
WHSR Exec - WW,3
WHSR JEH,1
WHSR JFK,131
WHSR JFK C,2
WHSR JFK w,1
WHSR JFK W,1
WHSR JFK WW,4
WHSR Pending,1
WHSR SMS,1
WHsR WW,1
WHSR WW,73
WHSR/WW,17
WSR EXEC,3
ww,2
Ww,4
WW,589
WW- 225,1
WW- Navy m,1
WW- Oval O,1
WW- Roosev,2
WW- White,4
WW- WHSR,1
WW-132,155
WW-208,3
WW-210,6
WW-G74,13
WW-VPOTUS,1
WW-White H,1
WW-WHITE H,1
WW-WHSR,18
WW -- WHSR,11
WW - 132,1
WW - 221,6
WW - 225,11
WW - APNSA,9
WW - Cabin,18
WW - Chief,1
WW - G74,5
WW - JFK,5
WW - Navy,1
WW - Oval,24
WW - Room 144,1
WW - Roose,11
WW - Sit R,2
WW - SITRO,3
WW - Situa,2
WW - Situation Room,2
WW - Upper Press,1
WW - VPO,1
WW - Ward Room,2
WW - White,10
WW - WHSR,62
WW -225,1
WW & Resid,21
WW & rose,1
WW & Rose,51
WW & South Lawn,3
WW / Navy Mess,1
WW / State,6
WW 1-A,1
WW 10 firs,1
WW 101,2
WW 108,4
WW 120,34
WW 121,189
ww 122,2
WW 122,512
WW 124- Co,1
WW 126,7
WW 130 B,1
WW 132,400
WW 132 A,28
WW 132 EE,1
WW 140,54
WW 141,7
WW 145,101
WW 152,45
WW 153,40
WW 1st Floor,8
WW 202,92
WW 203,5
WW 205,71
ww 206,3
WW 206,134
WW 206 and Oval Offi,2
WW 206/20,70
WW 206/207,17
WW 206/208,47
WW 208,30
WW 208/206,1
WW 209,56
WW 210,399
WW 211,39
WW 212,44
WW 213,12
WW 214,27
WW 215,6
WW 216,1
WW 217,102
WW 218,4
WW 221,28
WW 221 + S,3
WW 223,112
WW 225,34
WW 226,1
WW 230A,4
WW 2nd Floor,13
WW 47,4
WW 66,1
WW 72,2
WW 74,2
WW APNSA S,5
WW APNSAs Office,1
WW Brady Briefing Ro,36
WW Briefin,55
WW COS Office,3
WW East R,1
WW East Ro,1
WW East Room,8
WW East Roomn,2
WW Entry,2
WW EW Re,5
WW G-58,1
WW G-74,81
WW G 50,1
WW G37,3
ww G47,1
WW G47,242
WW G48,46
WW G49,4
WW G50,95
WW G58,1
WW G59,15
WW G66,18
WW G67,2
WW G68,5
WW G68 &,4
WW G68 & E,1
WW G74,66
WW G78,1
WW GG 74,1
WW GH,1
WW HSA Off,3
WW JFK,28
WW JFK Conference Ro,16
WW Lobby,332
WW Lobby &,13
WW Lobby/W,1
WW Lower Press,1
WW Lower Suite,1
WW MESS,3
WW mess pick up,2
WW Navy Me,3
WW Navy Mess,10
WW North L,2
WW NSA Sui,1
WW NSA Sul,1
WW NSC 101,4
WW NSC Sui,1
WW Oval,35
WW Oval a,1
WW Oval O,34
WW oval of,2
WW Oval Of,54
WW Oval Office,2
WW Oval Su,1
WW PDNSA Suite,4
WW Pebble,4
WW Pebble Beach,1
WW Photo O,1
WW Post E1,10
WW Press B,6
WW Press Briefing Ro,1
WW Res,1
WW Rm 132,2
WW Rm#140,1
WW Room 122,1
WW Room 13,1
WW Room 20,1
WW Roosev,21
WW Rooseve,158
WW Roosevelt,2
WW Roosevelt Room,75
WW ROOSEVELT ROOM,21
WW Sit Roo,1
WW SitRoom,81
WW Situat,8
WW Situati,55
WW Situation Room,56
WW South Lawn,6
WW State P,2
WW Tour,12
WW upper press,2
WW Upper Press,1
WW VIP Lob,2
WW VP Off,4
WW VP Offi,6
WW VPO,1
WW VPS Office,1
WW Ward Ro,8
WW Ward Room,3
WW West Ex,1
WW WH Lobb,1
WW White,5
WW White H,3
WW WHITE H,1
WW White House Navy,1
WW White House Situa,1
WW WHSR,310
WW WHSR Breakout Roo,1
WW WHSR Co,1
WW WHSR E,44
WW WHSR Ex,32
WW WHSR EX,17
WW WHSR Exec,3
WW WHSR J,7
WW WHSR JF,5
WW WHSR JFK,6
WW Ww Lobb,1
WW WW lobb,4
WW WW Lobb,28
WW/124,1
WW/145,8
WW/210,2
WW/221,2
WW/Cabinet Room,1
WW/COS 122,1
WW/Navy Me,1
WW/NAVY ME,1
WW/Oval Of,1
WW/RM68,1
WW/Rooseve,5
WW/Rose Ga,17
WW/Sit Roo,1
WW/SitRoom,7
WW/Situati,4
WW/WHSR,11
WW/WHSR Ex,13
WW/WHSR EX,2
WW: APNSA Suite,1
WW: Lobby,36
WW: Oval,55
WW: Oval a,11
WW: Oval E,1
WW: Oval O,16
WW: Roosev,180
WW: West W,3
WW: WHSR,2
WW: WW Lob,30
WW_WHSR,1
WW103,1
WW106,1
WW108,6
WW116,5
WW120,25
ww121,3
WW121,81
WW122,10
WW124,1
WW126,3
WW132,13
WW140,15
ww145,2
WW145,89
WW152,26
WW153,28
WW18,2
WW1A,2
WW1B,2
WW201,8
WW202,133
WW203,2
ww205,4
WW205,29
WW206,52
WW207,3
ww208,4
WW208,26
WW209,5
ww210,25
WW210,17
ww211,7
WW211,68
ww212,2
WW212,40
ww213,5
WW213,190
WW214,5
WW217,12
WW218,2
WW220,2
WW221,4
WW223,1
WW37,47
WW49,5
WW66,14
WW67,1
WW68,6
WWG37,7
WWG40,9
WWG47,4
WWG49,3
WWG68,1
WWLobby,2
WWMess,1
WWMESS,17
WWSR,1
WWT,5
