CALLER_NAME_FIRST,n
aaron,19
adam,157
aditi,36
adrian,1
adrienne,2
alea,582
alejandra,1020
alex,12
alexander,9
alexandra,201
alexia,19
alivia,4
allen,85
allie,157
allyson,5
alyssa,27
amanda,1665
amber,525
amelia,493
amira,147
amy,20
ana,539
analia,57
andre,32
andrew,247
andy,610
angel,1
angela,115
anita,2
anna,889
anne,63
anshul,232
anthony,252
areletha,20
arianna,32
arielle,132
arjun,39
aron,27
arturo,55
arvind,12
ashley,719
ashlyne,26
asjia,137
audra,7
austin,41
avital,4
beatrix,3
beaukin,1
benjamin,178
benny,10
beth,1
bethany,147
bhavesh,11
bianca,73
blake,186
bonnie,31
bradley,17
brandan,29
brandon,1
breanna,67
brent,1
brian,22
brianna,17
brianne,3
brisha,2
brittany,102
brooke,1
bryan,24
bryanna,1
caitlin,389
cameron,21
candace,5497
carissa,234
carl,4
carlos,11
carmen,59
carol,35
caroline,1223
carrie,38
carroll,4
cassandra,4
catherine,740
celestrea,210
charles,327
charlotte,34
chelsea,41
chirstopher,1
christian,93
christiana,16
christina,265
christopher,83
claudia,173
clint,1
colby,71
coleen,21
colin,7
connor,40
coqui,9
corey,85
courtney,28
craig,19
cristeta,6
cristina,8
cynthia,180
daisy,27
dakota,1
dale,4
dalmyra,2
dana,2
danaujzia,33
daniel,4782
danielle,396
dara,34
darius,530
darnell,1
darren,107
darrius,24
darryl,8
david,2264
dawn,324
dayrone,68
deborah,2
debra,11
demetria,12
denise,126
dennis,5
deshara,4
detrus,2
devin,1
devontae,4
dewey,6
diana,113
dinesh,6
dion,3
divya,49
dominique,3
donna,1013
donovan,13
doris,9
douglas,1
drew,135
dwayne,89
dwight,49
dylan,5
edgar,47
edna,1
eduardo,1
edward,2956
elizabeth,538
elmore,14
emily,85
eric,62
erika,6
essence,40
esteban,134
eva,1978
evan,314
faisal,182
faith,33
felicia,47
fiona,43
francis,13
francisco,1
gabriella,1670
gabrielle,1086
gardner,2
garland,44
garrett,4
gary,41
gelila,17
george,16
gerard,8
gershom,185
ghil,4
gianna,175
gionelly,2731
gordon,3
grace,480
grant,22
gregory,119
gretchen,12
groslyn,324
hai,20
haley,153
hannah,652
hari,224
harold,35
hazel,168
heather,1
hedieh,2
holli,12
holly,1
hoor,362
hosea,2
howard,132
ian,132
iran,8
iris,57
isabel,3
jackson,102
jaclyn,296
jacob,8
jacqlene,184
jacqueline,24
jaensen,13
james,181
jana,860
janice,17311
jared,4
jarrod,4
jarvis,23
jasmine,55
jason,115
jay,103
jayna,4
jeffrey,44
jenifer,4
jennifer,220
jenny,7
jerad,13
jeremiah,20
jeremy,21
jerome,2
jerry,8
jesse,87
jessica,130
jessika,4226
jimmy,34
jing,72
joanne,6
jocelyn,3
jody,1
john,1108
johnnie,2
johnny,22
jonathan,86
jordan,180
jose,35
joseph,73
joshua,727
jovanna,361
joy,357
joyce,5
juan,366
julia,115
juliagrace,15
julie,83
juschelle,658
justin,271
kailash,121
kaitlyn,4
karen,1
karla,3
karly,113
katharine,715
katherine,298
kathi,483
kathy,2
katie,1735
katrina,31
keenan,6
keith,2
kelli,693
kelly,389
kelsey,7
kendall,163
kenneth,36
kenon,65
kenyatta,33
kevin,2738
keziah,84
khanya,139
khiry,10
kim,26
kimberley,19
kimberly,803
krishna,132
kristina,29
kristy,27
kurt,24
kyle,28
lalfonso,209
lalitha,140
lance,56
lashawn,18
lashonda,2
laura,70
lauren,577
laurence,3
lee,1
leetha,403
lena,9
leslie,6
lidia,101
lillian,207
lina,149
linda,277
lindsay,2
lindsey,8
lionel,5
lisa,213
lorraine,53
louis,14
lucy,3
lydia,13
madalyn,3
madeline,294
magdalena,5
malikat,192
manuel,16
manuelita,500
marc,359
margaret,67
mariana,112
marie,45
marilis,30
marina,841
mark,12
martin,137
mary,1369
matthew,1152
maximilian,91
maxwell,18
megan,454
megha,32
melanie,57
melissa,5
meredith,159
michael,1701
michaela,160
michelle,76
miguel,4
miles,28
millicent,32
morgan,605
nabil,9
naeem,4
naomi,19
natalie,19
nathan,724
nezly,1443
nhung,1
nia,874
nicholas,600
nickcola,34
nicole,6701
nicolette,14
nikki,1
nimita,55
nina,1895
niyat,29
noe,352
oliver,258
onissa,387
oscar,48
pass,22
patricia,195
patrick,91
paul,59
pavan,22
penny,1
peter,563
peyton,13553
philip,91
phillip,38
priya,130
puneet,1178
qadree,195
rachael,35
rachel,313
randall,4
rebecca,768
renee,321
richard,251
rickford,1
riley,17
rio,388
rissa,11
robert,939
rodeaster,2
roderick,103
ronald,1
roque,496
rosa,35
rosemarie,60
ryan,521
rykia,3
saharra,126
samantha,210
samar,125
samuel,29
sanam,604
sandra,63
sanquetta,3
sara,432
sarah,1063
sarena,3
sasha,826
scott,252
sean,151
sebastian,522
shanice,74
shannon,149
shanon,3
sharon,34
shawna,18
shaylah,6
sheila,24
shelley,33
sherron,15
shreeya,412
sierra,44
silas,7
simone,55
sophia,1
stacy,54
steffi,22
stephanie,214
stephen,282
stephonn,36
steve,38
steven,330
storm,1070
susan,96
susanna,24
sydney,50
taiwo,2
tate,95
terrence,22
terry,1
thomas,1383
timothy,25
toan,21
todd,6
tom,5
tour,15395
travis,41
tresa,608
trevor,12
trisha,67
tyler,2
ulyssa,1
vanessa,290
venus,739
veronica,205
vickki,8
victor,19
victoria,43
vinay,52
vincent,140
visitorsoffice,92194
walter,16
ward,715
wendy,39
weston,10
william,702
willie,7
yael,86
yue,20
zachary,5
zoraya,43
