"NAMEMID","Count"
"",1120192
"a",564531
"m",561840
"l",421885
"j",420088
"e",316981
"r",299541
"c",267426
"d",266066
"s",247706
"n",221136
"b",162656
"k",154258
"p",144861
"t",141273
"g",137658
"w",131406
"h",122980
"f",100165
"v",48164
"i",43176
"o",33738
"y",27953
"z",10101
"q",5865
"u",4287
"x",3833
"nmn",24
"ann",17
"lynn",14
"lee",11
"elizabeth",9
"michael",8
"rodham",7
"marie",7
"joseph",6
"robert",5
"louise",5
"jean",5
"ellen",5
"mark",4
"david",4
"timothy",3
"slade",3
"renee",3
"randolph",3
"mitchell",3
"matthew",3
"james",3
"dawn",3
"anne",3
"william",2
"wayne",2
"watson",2
"todd",2
"tate",2
"susan",2
"sue",2
"socorro",2
"scott",2
"roy",2
"rochelle",2
"rachelle",2
"perry",2
"paul",2
"patrick",2
"nmi",2
"nicole",2
"michelle",2
"maxwell",2
"lynnette",2
"lynch",2
"lugenia",2
"lou",2
"len",2
"lara",2
"johnston",2
"irene",2
"howard",2
"helen",2
"frederick",2
"dover",2
"diane",2
"deann",2
"daniel",2
"cole",2
"christopher",2
"charlene",2
"bryan",2
"blair",2
"beth",2
"benjamin",2
"anthony",2
"andrew",2
"alice",2
"albert",2
"zehnder",1
"yasin",1
"xuantrang",1
"wolf",1
"wilson",1
"wilma",1
"walker",1
"vodrey",1
"virginia",1
"vicklund",1
"vanice",1
"urban",1
"turner",1
"tsenan",1
"teresa",1
"templeton",1
"taylor",1
"tayeb",1
"taisoon",1
"sztybel",1
"sullivan",1
"steven",1
"stella",1
"steele",1
"soula",1
"sn",1
"smith",1
"sigit",1
"sheiska",1
"shannon",1
"shandsmcdaniel",1
"seay",1
"sean",1
"schmelzer",1
"sapp",1
"santos",1
"sannicholas",1
"sanford",1
"samia",1
"s p",1
"rutherford",1
"ruth",1
"rufus",1
"ru",1
"roland",1
"rogers",1
"rodney",1
"roderick",1
"robinson",1
"robertjohn",1
"ripley",1
"richards",1
"richard",1
"ricardo",1
"resha",1
"reilly",1
"ray",1
"rashad",1
"rahim",1
"rae",1
"rachmelia",1
"quinton",1
"putra",1
"powell",1
"plummer",1
"pine",1
"pierce",1
"peterconcepcion",1
"peter",1
"pc",1
"patriciajohnson",1
"pat",1
"page",1
"pagan",1
"orris",1
"omalley",1
"newton",1
"newman",1
"nelson",1
"nathaniel",1
"nash",1
"mosson",1
"mohammed",1
"mohammad",1
"mitra",1
"michele",1
"metrinko",1
"merissa",1
"mckenzie",1
"mcentyre",1
"mcdonald",1
"maurice",1
"maureen",1
"masoom",1
"mason",1
"martin",1
"marshall",1
"malvina",1
"maga",1
"macon",1
"maarten parin",1
"lynne",1
"lynette",1
"lyn",1
"luther",1
"lum",1
"luella",1
"ludin",1
"ls",1
"lovetta",1
"louis",1
"line",1
"lewis",1
"letitia",1
"lestari priansari",1
"leo",1
"leann",1
"leah",1
"lavon",1
"lauren",1
"lamont",1
"lamae",1
"lakeam",1
"kovacs",1
"kloiber",1
"kirstin",1
"kenneth",1
"kasim",1
"jp",1
"joy",1
"jose marie",1
"jordan",1
"john",1
"joel",1
"jo",1
"jeanette",1
"janet",1
"janelle",1
"jane",1
"jacob",1
"jaclyn",1
"isabella",1
"isaac",1
"irving",1
"iris",1
"ira",1
"idreis",1
"hutchinson",1
"hunot",1
"holmes",1
"holden",1
"herbert",1
"henry",1
"helman",1
"heistad",1
"gregory",1
"gray",1
"graves",1
"grace",1
"goodman",1
"goldberg",1
"golan",1
"glenn",1
"gilchrist",1
"gigi",1
"george",1
"gayle",1
"garrett",1
"g f",1
"france",1
"fox",1
"fontenot",1
"fleming",1
"fitzgerald",1
"favor",1
"evans",1
"eulada",1
"esther",1
"ernest",1
"erin",1
"english",1
"emanuel",1
"elliott",1
"edward",1
"eddie",1
"dyer",1
"dunne",1
"drew",1
"douglas",1
"dionne",1
"demetrius",1
"danae",1
"dadfar",1
"d r",1
"costello",1
"cooper",1
"clifford",1
"christine",1
"christian",1
"cheeks",1
"charles",1
"catlyn",1
"catherine",1
"carter",1
"carol",1
"carleen",1
"carl",1
"c c",1
"c a",1
"burke",1
"brokaw",1
"brielle",1
"brian",1
"brandon",1
"bould",1
"blue",1
"bjorson",1
"bin ahmed",1
"bernie",1
"bernell",1
"bernard",1
"benne",1
"baumann",1
"barry",1
"baker",1
"b j",1
"aubrey",1
"asif",1
"ashraf",1
"asher",1
"arthur",1
"ariel",1
"anna",1
"angelica",1
"andorn",1
"anderson",1
"ami",1
"alyson",1
"alvin",1
"allen",1
"allan",1
"alix ian",1
"algeron",1
"alexis",1
"alexandra",1
"alan",1
"aileen",1
"adele",1
"adam",1
"abebe",1
"abdelsabourmohamed",1
"a d",1
"a a",1
"=",1
":",1
"*",1
