"MEETING_ROOM","Count"
"residence",2703997
"ew tour",728410
"west wing",318998
"south lawn",182720
"state floo",162939
"sca",115479
"res",112749
"ww",112184
"south cour",89326
"430",63354
"474",42299
"350",40637
"37",38519
"east room",34362
"428",29383
"",28861
"bowling al",25032
"374",24291
"230a",24223
"208",24022
"130",19615
"10103",19198
"234",17231
"210",16821
"445",16533
"9104",15914
"ew",15108
"east wing",14264
"472",13580
"oval offic",13362
"roosevelt",12519
"82",12126
"476",11208
"430a",10997
"228",10950
"rose garde",10503
"230",10367
"ww 2nd flo",10218
"248",10089
"whsr",9795
"430abc",9732
"238",9505
"430bc",9475
"9116",9022
"115",8952
"460",8514
"430 b/c",7762
"226",7596
"8116",7236
"eeob 430",7135
"eeob 208",7094
"217",7072
"18",7056
"172",6849
"ew 100",6585
"s grounds",6548
"367",6448
"eeob 350",6190
"navy mess",6168
"530",6168
"s. grounds",6006
"442",5867
"7215",5830
"indian tre",5670
"212",5652
"eeob 474",5608
"eeob 217",5549
"100",5459
"truman bow",5148
"eeob/neob",5047
"178",5035
"south grou",4949
"mess",4819
"itr",4764
"233",4752
"north port",4568
"260",4539
"7236",4532
"wh mess",4454
"401",4364
"430 bc",4292
"223",4280
"3202",4187
"430b/c",4161
"210/212",4111
"412",4079
"485",4027
"112",3988
"170",3921
"360",3901
"ww lobby",3810
"ew100",3719
"176",3651
"state dini",3576
"s. court",3545
"441",3487
"39",3450
"3015",3397
"5200",3380
"97",3321
"160",3314
"state plac",3280
"430 abc",3268
"443",3257
"230b",3169
"276",3151
"88",3114
"5008",3013
"271",2953
"216",2915
"4208",2906
"6025",2870
"421",2864
"222",2857
"ww mess",2816
"591",2756
"205",2712
"6116",2707
"229",2691
"eeob 234",2682
"1",2682
"n grounds",2667
"111",2656
"ww/rooseve",2627
"450",2626
"ww/residen",2528
"situation",2517
"oval",2502
"180a",2492
"eeob 230a",2484
"eeob 210",2445
"2008",2397
"press lobb",2380
"east exec",2368
"6235",2330
"2020",2325
"ward room",2320
"236",2289
"330",2237
"274",2169
"307",2144
"457",2127
"s grnds",2115
"eeob",2056
"4000",2055
"316",2038
"southcourt",2007
"5235a",1979
"10025",1969
"3201",1963
"eeob 037",1948
"5104",1944
"207",1895
"405",1875
"166",1875
"252",1825
"107",1808
"492",1730
"279",1729
"114",1710
"243",1650
"246",1623
"east recep",1602
"5230",1592
"white hous",1560
"upper pres",1531
"dcfdm2",1525
"ww2fl",1521
"105",1520
"5235",1511
"eeob 428",1493
"ww//2nd fl",1475
"237",1452
"197",1445
"404",1437
"262",1417
"eeob sca",1410
"7002",1408
"8002",1375
"423",1360
"ww ground",1345
"291",1308
"382",1305
"10002",1290
"5203",1287
"2nd floor",1285
"s. lawn",1261
"ww 1st flo",1258
"2211",1258
"6225",1254
"497",1248
"326",1217
"9013",1209
"eeob 430ab",1207
"425",1206
"336",1204
"55",1203
"state room",1195
"ew 112",1183
"144",1179
"south port",1154
"200",1144
"ew 200",1141
"5208",1140
"124",1138
"ew 2fl",1121
"bowling",1116
"379",1110
"206",1106
"474/indian",1098
"430 a/b/c",1093
"45",1086
"neob/eeob",1079
"109",1071
"4221",1070
"202a",1050
"60",1038
"474 indian",1038
"454",1025
"ww/mess",1007
"312",1000
"439",970
"ww 2nd fl",965
"eeob 205",965
"7013",964
"eeob 430bc",961
"ww 1st fl",958
"94",948
"037/bowlin",946
"ew room 10",941
"101",933
"north lawn",930
"528",925
"ew 204",909
"280",906
"eeob 360",902
"412a",898
"10001",898
"135",894
"state floor",893
"5013",889
"386",885
"264",883
"8225",872
"25",870
"west exec",868
"eeob 172",868
"back lobby",868
"north driv",862
"whsr exec",860
"ew 206",856
"9026",852
"186",852
"110",849
"467",847
"ew206",835
"473",835
"9208",832
"eeob 60",831
"122",821
"393",819
"488",815
"eeob 230",806
"ew 212",805
"10201",800
"495",798
"1st floor",790
"283",784
"3001",779
"9215",776
"474 (itr)",772
"9202",762
"eeob 472",751
"3020",750
"8025",745
"353",745
"8013",744
"ew212",738
"593",738
"vp west wi",737
"eeob 200",732
"ww rooseve",729
"state flo",727
"cabinet ro",727
"351",720
"112a",717
"eeob 476",715
"180",708
"east execu",707
"8211",707
"5002",705
"eeob 374",691
"296",691
"wwresiden",680
"ew 107",677
"diplomatic",675
"ww second",674
"285",670
"204",655
"4220",654
"220",654
"residnece",645
"10236",642
"52",639
"ew200",630
"432",625
"7026",624
"037/truman",624
"eeob room",623
"eeob 210/2",622
"394",622
"eeob 228",615
"ww/oval of",614
"171",612
"7025",610
"474 itr",609
"486",608
"422",598
"343",594
"ww navy me",589
"10202",589
"68",587
"wwgf",581
"sow 234",581
"ww 2 fl",576
"eeob 485",575
"8222",574
"76",571
"491",571
"sit room",568
"eeob 207",566
"eeob 039",565
"381",559
"eeob 445",554
"240",554
"ww tour",551
"lower pres",540
"116",537
"100a",536
"ww/sitroom",533
"eeob 226",533
"ew/206",532
"9025",527
"302a",526
"sitroom",521
"282",520
"426",516
"eeob 591",514
"281",512
"eeob bowli",511
"242",511
"15",508
"wwmess",506
"dip room",506
"037 bowlin",506
"5218a",504
"143",503
"239",502
"83",501
"ww2",497
"10221",494
"9235",493
"5001",490
"267",486
"ew/east ro",485
"eeob 173",484
"287",483
"9002",482
"eeob 430a",481
"eeob 115",477
"eeob 178",466
"eeob / ne",465
"74",465
"289",465
"oeob 037",462
"427",459
"eeob 430 a",458
"8001",458
"241",457
"4211",456
"493",455
"eeob 229",454
"359",447
"599",446
"536",444
"whsr small",439
"84",439
"30",439
"eeob 530",438
"ew102",435
"eeob 111",435
"193",434
"g102",433
"261",433
"9201",432
"s court",430
"191",428
"itr 474",425
"blue room",422
"ew/south l",421
"300",421
"eastroom",420
"311",420
"map room",419
"215",417
"415",413
"ww/2nd flo",411
"145",410
"eeob 170",409
"5020",408
"483",408
"family the",406
"8201",405
"333",405
"3025",404
"400",403
"eeob south",401
"ww/sit roo",399
"230 a",399
"8202",396
"9236",395
"482",395
"vp ww offi",387
"8236",384
"south court auditori",383
"5224",383
"10235",383
"ww/ward ro",381
"89",381
"194",380
"38",378
"6026",375
"eeob 206",370
"7001",364
"14",364
"292",363
"eeob 412",362
"251",362
"125",361
"438",359
"lobby",356
"2",355
"2211b",353
"sca/south",352
"211",352
"340",351
"6236",350
"12",350
"430b",349
"east garde",348
"ww/navy me",347
"ww basemen",347
"268",347
"430 a",343
"south driv",341
"sow 230a",336
"grand foye",335
"ikes eate",333
"580",333
"10026",333
"eeob 248",332
"5227",331
"oeob 474",330
"258",327
"wh navy me",325
"s court au",323
"308",323
"33",322
"419",320
"residende",318
"453",317
"statefloor",316
"532",315
"res clinic",314
"eeob 176",314
"72a",313
"211 ew",313
"neob eater",312
"54",310
"tour",307
"259",306
"4013",304
"273",303
"32",301
"neob back",299
"ww whsr",297
"8235",296
"67",296
"56",295
"19",295
"8103",294
"ew208",291
"ww/whsr",290
"residene",290
"eeob 100",290
"9226",290
"20",289
"sms large",288
"gift shop",288
"eeob 405",286
"ww/wh mess",285
"eeob 274",282
"ww/rose ga",281
"192",281
"480",279
"72",277
"73",276
"230ab",276
"eeob 130",275
"6001",275
"vpotus cer",274
"414",274
"rm 94",271
"118",271
"eeob 37",270
"8",270
"3007",269
"eeob 124",268
"196",265
"163",265
"79",264
"58",263
"330 eeob",262
"63",259
"286",259
"184",259
"173",259
"eeob 171",258
"224",256
"6002",254
"press offi",253
"51",253
"465",252
"037 truman",252
"eeob 450",251
"62",251
"487",251
"res state",250
"545",250
"10",250
"437",249
"flotus off",248
"175",246
"ww floor 1",245
"474 (india",245
"ww/wardroo",244
"room 430",244
"theatre",243
"eeob 114",243
"3019",243
"eeob 238",240
"230a/b",240
"8a",239
"e street",238
"eeob350",237
"eeob 291",236
"304",236
"eastwing/e",235
"staff mess",234
"south cort",234
"s. court a",234
"eeob 441",234
"37 bowli",233
"eeob 56",232
"eeob 088",231
"oeob",230
"cordell hu",229
"8026",229
"368",229
"218",229
"6202",226
"126",226
"westwing",225
"389",225
"sow 228",224
"146",224
"ww/ew",223
"6101",223
"eeob 401",221
"eeob 180",221
"wwrooseve",217
"the east r",216
"vp office",215
"cafeteria",215
"49",215
"211ew",215
"129",214
"227",213
"142",213
"dcfdems",212
"80",212
"444",212
"ew east r",211
"132",211
"rr",210
"202",210
"press brie",209
"344",209
"165",209
"ew//east r",208
"474/itr",207
"484",205
"eeob 430b",203
"theater",202
"old family",202
"eeob 236",202
"550",202
"139",202
"263",201
"225",200
"eeob 220",199
"wh/eeo/ne",197
"room 37",197
"592",197
"ww 2nd flr",196
"3002",196
"aditorium",195
"ww/eeob",194
"outer oval",194
"402",194
"27",194
"itr/474",193
"7202",193
"59",193
"208c",193
"153",193
"595",190
"state flr",189
"west execu",188
"8101",188
"253",188
"wh east",187
"east room/east wing",187
"22",186
"198",185
"stpl/wexec",184
"southlawn",184
"room 374",184
"ew 210",183
"209",183
"first lady",182
"65",182
"ew 102",181
"eeob 276",181
"202 east w",181
"181",181
"037",181
"ww ward ro",180
"sca (natio",177
"5218",177
"3203",176
"eeob 212",175
"eeob 105",175
"upper east",173
"6213",173
"524",173
"430bca",173
"whnm",172
"440",172
"s.court au",171
"342",170
"199",170
"493a",169
"430ab",169
"120",168
"eeob 307",166
"417",166
"3104",166
"179",165
"neob cafet",164
"47",164
"106",164
"parking on",163
"463",163
"ww sit rm",162
"ww first f",162
"physician",162
"north grou",162
"eeob 210/4",162
"140",162
"eeob 219",161
"ew210",160
"188",160
"wh east room",159
"room 037",159
"eeob 160",158
"70",158
"tbd",157
"7203",157
"596",155
"447",155
"eeob 460",154
"448",154
"13a",154
"10007",154
"ew 211",153
"5236",153
"474itr",153
"eeob 271",151
"briefing r",151
"s.lawn",150
"2102/212",149
"ww1",148
"ww/navymes",148
"464",148
"430a/b/c",147
"eeob 036",146
"ww//roosev",145
"411",145
"eeob474",144
"eeob 252",144
"ww/situati",143
"195",142
"430 a b c",141
"36",141
"itr474",139
"364",139
"southwest",138
"neob 3020",138
"eeob 230b",137
"48",137
"neob",136
"210212",136
"13",136
"10258",136
"suite 5200",135
"6226",135
"ew 203",134
"61",134
"206ew",133
"138",133
"south gro",132
"ew flotus",132
"41",132
"219",132
"eeob 408",131
"ew120",129
"sow 236",128
"85",128
"329",128
"ww 2fl",127
"south audi",126
"136",126
"nsa suite",125
"520",125
"489",125
"room #039",124
"ww/oval",123
"lower east",123
"ground flo",122
"7228",122
"sms",120
"room 474",120
"eeob 442",119
"basketball",119
"b208",119
"203",119
"162",119
"sumi16",118
"madison an",118
"185",118
"wh tour",117
"459",117
"west wing drive",116
"481",116
"53",115
"244",115
"08b",115
"6208",113
"eeob 196",112
"78",112
"213",112
"ww appt",111
"wh complex",111
"5000",111
"430abd",111
"ww/sit. ro",110
"sow 226",110
"eeob india",110
"eeob 430 b",110
"597",109
"270",109
"west porti",108
"vp ceremon",108
"317",108
"whsrexec",107
"eeob sout",107
"347",107
"10102",107
"exec",106
"ikes",105
"430 a b",105
"221",105
"151",104
"ww situati",103
"physicians",103
"marine one",103
"eeob 55",103
"3026",103
"ww upper p",102
"ww gr fl",102
"ushers off",102
"rm 1",102
"71",102
"7",102
"449",102
"266",102
"s. ct. aud",101
"palm room",101
"ikes eater",101
"eatery",101
"553",101
"430 a/b",100
"4202",100
"319",100
"265",100
"vpotus ww",99
"east room-",99
"147",99
"bookseller",98
"basement",98
"250",98
"4218",97
"eeob 381",96
"69",96
"534",96
"102",96
"ww speechw",95
"south ct",95
"room 230a",95
"ew #102",95
"76a",95
"245",95
"141",95
"wh",94
"eeob 350 a",94
"cos office",94
"truman",93
"492a",93
"room 1",92
"library",92
"ew 202",92
"231",92
"230 a/b",92
"161",92
"eeob 364",91
"435",91
"res medica",90
"ews",90
"235",90
"state",89
"eeob 1",89
"secretary",88
"s.court",88
"presslobby",88
"ew107",88
"ww/main lo",87
"room #472",87
"9224",87
"16",87
"ww upper s",86
"so. court",86
"room #037",86
"eeob 532",86
"eeob 260",86
"eeob 218",86
"e&e sub ip",86
"7208",86
"theater rm",85
"sms exec",85
"neob 9104",85
"477",85
"430/ww",85
"neob 3202",83
"awaiting p",83
"478",83
"ww upper",82
"rosevelt r",82
"flower sho",82
"9014",82
"420",82
"230 eeob",82
"vpotus off",81
"truman bowling alley",81
"sow230a",81
"ew/east re",81
"ew 120",81
"499",81
"428a",81
"28",81
"230 b",81
"ww/ew/eeo",80
"cos suite",80
"403bc",80
"189",80
"183",80
"eeob truma",79
"eeob 79",79
"2201",79
"9103",78
"372",78
"15th and e",78
"ww 2nd floor",77
"eeeob 234",76
"e exec",76
"424",76
"350/eeob",76
"159",76
"eeob 145",75
"451",75
"truman all",74
"oval / ew",74
"eeoc 430bc",74
"eeob 97",74
"203a",74
"ww cos",73
"ww 2 floor",73
"room 430 b",73
"eeob 265",73
"bowling alley",73
"60a",73
"4116",73
"287a",73
"187",73
"019/ll",73
"278",72
"202 a",72
"ww wh mess",71
"ww cos ofc",71
"350 and 23",71
"ww200",70
"room #474",70
"ew 208",70
"eeob 233",70
"472476",70
"34",70
"177",70
"eeob428",69
"eeob 426",69
"eeob 175",69
"479",69
"376",68
"123",68
"sca (tier",67
"indian treaty room",67
"471",67
"ww/1st flo",66
"wardroom",66
"564",66
"37bowling",66
"288",66
"201",66
"10104",66
"037 bowl",66
"sow",65
"neob 3015",65
"590",65
"350a",65
"082",65
"037truman",65
"wh situati",64
"sow 230b",64
"7218",64
"5113",64
"399",64
"ww gf",63
"eeob 204",63
"325",63
"156",63
"ww 120",62
"neob 2020",62
"eeob 94",62
"4025",62
"182",62
"137",62
"10209",62
"wh/eeob",61
"the mess",61
"lower lobb",61
"468",61
"430a/b",61
"37 truman",61
"190",61
"144a",61
"presidenti",60
"itr/eeob 4",60
"269",60
"255",60
"2026",60
"168",60
"ww/gfl",59
"sow suite",59
"ew ola 107",59
"6212",59
"284",59
"202 ew",59
"169",59
"room 350",58
"o20 baseme",58
"eeob 224",58
"7233",58
"37.0",58
"wh theater",57
"eeob217",57
"eeob rm 13",57
"eeob 184",57
"eeob 180a",57
"eeb 217",57
"ceremonial",57
"4430",57
"230a/230b",57
"ew204",56
"eeob 430 abc",56
"eeob 166",56
"466",56
"wwoval",55
"second flo",55
"rm 18",55
"neob court",55
"ipc 374",55
"407",55
"127",55
"ww/cabinet",54
"state pl",54
"sdr",54
"neob 10103",54
"ew/ww",54
"037 (bowli",54
"neob lobby",53
"eeob 116",53
"ebr",53
"430.0",53
"430 b & c",53
"290",53
"ww/roosevelt room",52
"ww lower l",52
"so court a",52
"room 428",52
"302",52
"104a",52
"ww appoint",51
"truman lan",51
"eeob 118",51
"72 a",51
"rooseveltr",50
"roosevelt room",50
"room 430 a",50
"oeob 037/b",50
"brady pres",50
"5108",50
"148",50
"ww//2nd floor",49
"ww 1fl",49
"sb236",49
"o15",49
"grounds",49
"ew 100/ova",49
"eeob 367",49
"eeob 222",49
"eeob 112",49
"57",49
"535",49
"358",49
"ww nsc low",48
"state pl.",48
"sb 236",48
"eeob s ct",48
"eeob 51",48
"eeob 188",48
"74 (gift s",48
"5235-a",48
"470",48
"458",48
"ww office",47
"gym",47
"executive",47
"eeob tour",47
"eeob 470",47
"eeob 107",47
"cos",47
"430/b/c",47
"wwgfl",46
"eeob 73",46
"bowlingall",46
"346",46
"115b",46
"wh state",45
"ew east re",45
"eeob rm 03",45
"eeob 187",45
"eeob 122",45
"374 sms l",45
"210/212 di",45
"104",45
"wwward ro",44
"whac",44
"ward",44
"ovaloffice",44
"g007",44
"eeob/wh",44
"eeob 351",44
"auditorium",44
"554",44
"360a",44
"29",44
"yellow ova",43
"red room",43
"press lob",43
"movie thea",43
"ew rm 210",43
"eeob430",43
"eeob 368",43
"eeob 360a",43
"86",43
"5236a",43
"429",43
"272",43
"108",43
"ww/nsa sui",42
"wh kitchen",42
"sout court",42
"oval pantr",42
"oval office",42
"neob rear",42
"mess hall",42
"eeob 316",42
"3101",42
"232",42
"037/eeob b",42
"ww/state d",41
"whsr exe",41
"wh 100",41
"vice presi",41
"south ct a",41
"itr room 4",41
"eeob 286",41
"eeob 230ab",41
"462",41
"2nd fl ww",41
"230 ab",41
"134",41
"119",41
"107 east w",41
"ww/rooavel",40
"sit room l",40
"courtyard",40
"522",40
"375",40
"256",40
"ww / south",39
"statefloo",39
"sms small",39
"eeob 25",39
"374 ipb",39
"206 east w",39
"ww sit roo",38
"wshr",38
"ew112",38
"91",38
"469",38
"ww dining",37
"kitchen ga",37
"eeob itr",37
"eeob 374 s",37
"5213",37
"461",37
"436",37
"430/c",37
"42",37
"37 truma",37
"sca/wh",36
"pfs dining",36
"park on st",36
"ikes cafe",36
"eeob208",36
"eeob172",36
"eeob 375",36
"8104",36
"6104",36
"476a",36
"455",36
"26",36
"257",36
"ww/flotus",35
"vps offic",35
"pool",35
"neob suit",35
"neob 3201",35
"ew 1st flo",35
"eatery (2n",35
"341",35
"202a ew",35
"10224",35
"037bowlin",35
"wwwh mess",34
"wwoval of",34
"upper cros",34
"tba",34
"room 319",34
"eeob 499",34
"b037",34
"66",34
"430 b",34
"374/sms",34
"374 (sms l",34
"3113",34
"259b",34
"204 east w",34
"state dinn",33
"meeting",33
"kitchen",33
"ewstate f",33
"ew room 2",33
"ew 13a",33
"eeob115",33
"eeob037",33
"crg 374",33
"338",33
"# 30 ikes",33
"room 445",32
"room #350",32
"rm 476",32
"ew recepti",32
"eeob 151",32
"b38",32
"546",32
"281a",32
"135c",32
"112 east w",32
"wwwhsr",31
"west wing lobby",31
"subcrg 445",31
"sow230",31
"rear foyer",31
"floral sho",31
"eeob 68",31
"eeob 163",31
"b2",31
"594",31
"5",31
"ww roose",30
"ww lower",30
"south grds",30
"pebble bea",30
"neob suite",30
"itr (474)",30
"eeob rm 97",30
"eeob rm 17",30
"eeob itr 4",30
"dining roo",30
"curators o",30
"chief of s",30
"3rd floor",30
"2011",30
"wwt",29
"ww 2nd f",29
"ww-whsr",29
"the ward r",29
"sow 238",29
"rm. 208",29
"ovp",29
"grounds of",29
"eeob 464",29
"eeob 287",29
"east brief",29
"6222",29
"517.1",29
"411.5",29
"37 bowling",29
"298",29
"west exc d",28
"truman bol",28
"the roosev",28
"suite 4000",28
"state place",28
"neob parki",28
"navymess",28
"first floo",28
"eeob tbd",28
"eeob rm 74",28
"eeob 292",28
"eeob 067",28
"copwg 445",28
"9213",28
"584",28
"565",28
"4225",28
"374 sms ex",28
"037 eeob b",28
"ww/rr",27
"ww lower n",27
"sit rm",27
"sb222",27
"s ground",27
"room 210",27
"room 12",27
"main kitch",27
"eeob230a",27
"eeob 52",27
"eeob 267",27
"361",27
"318",27
"289a",27
"ww2nd flo",26
"ww/wh navy",26
"roosvelt r",26
"oeob 037/t",26
"eeob 268",26
"eeob 230 a",26
"eeob 210/212",26
"eeob 069",26
"east exec.",26
"b010",26
"98",26
"598",26
"428.0",26
"4186c",26
"275",26
"ww/vp offi",25
"ww/ mess",25
"ww staff",25
"ww gfl",25
"vps ww of",25
"sw gate",25
"rossevelt",25
"room 476",25
"rm #94 97",25
"office of",25
"ew rm 100",25
"ew 100 / s",25
"eeob210",25
"eeob sms",25
"eeob 280",25
"94/itr",25
"87",25
"1st fl/ww",25
"174",25
"167",25
"154",25
"ww photo",24
"wh/eeob/n",24
"wh lobby",24
"trumanbowl",24
"sow 230a/b",24
"southeast",24
"room #476",24
"rm 97",24
"g 102",24
"ew rm 206",24
"eeobbowli",24
"eeob180a",24
"eeob sow 2",24
"eeob 65",24
"eeob 183",24
"eeob 143",24
"594a",24
"4806",24
"271 (tenta",24
"24",24
"223.0",24
"17",24
"037/ bowli",24
"ww/whsr ex",23
"ww-wh mess",23
"ww-rooseve",23
"wh/eeob/ne",23
"vp ww ofc",23
"sms/374",23
"room 4000",23
"eeob178",23
"eeob rm 94",23
"eeob 53",23
"eeob 110",23
"475",23
"473a",23
"456",23
"445 r bila",23
"374 rb",23
"305",23
"23",23
"121",23
"ww/staff m",22
"wh and s.",22
"visitors o",22
"sow eeob 2",22
"s lawn",22
"room 228",22
"pfs mess",22
"garage",22
"ew. east r",22
"eeob267",22
"eeob libra",22
"eeob 462",22
"eeob 227",22
"6201",22
"530a",22
"490",22
"474 india",22
"430 eeob",22
"4001",22
"374 (exec)",22
"3109",22
"210/220",22
"133",22
"100 eeob",22
"037_bowlin",22
"wwground",21
"ww/upper p",21
"ww groun",21
"whmo",21
"west wing,",21
"susan rice",21
"room 172",21
"physician'",21
"oval/ew 10",21
"oeob037/tr",21
"madison +",21
"g1",21
"ew/man",21
"eeob/west",21
"eeob 246",21
"eeob 18",21
"eeob 169",21
"eeob 112a",21
"cr545",21
"91014",21
"5th floor",21
"362",21
"328",21
"2nd flr re",21
"283a",21
"210/12",21
"2000",21
"065 and 33",21
"0.37",21
"wwstaff s",20
"wwgl",20
"trumanalle",20
"subipc ro",20
"rm 206 eas",20
"press room",20
"old family dining ro",20
"o59",20
"nw gate",20
"mess ww",20
"g203",20
"g037",20
"exec brief",20
"ew 209a",20
"eeob in ro",20
"eeob 524",20
"eeob 394",20
"eeob 216",20
"eeob 211",20
"eeob 101",20
"eeob 001",20
"6013",20
"570",20
"533/9104",20
"443.0",20
"408",20
"277",20
"206 ew",20
"204 ew",20
"1st fl ww",20
"130.0",20
"037 eeob",20
"037-truman",20
"ww1st fl",19
"ww/white h",19
"ww/lobby",19
"ww white h",19
"ww roosev",19
"ww 2nd",19
"whsre",19
"vps office",19
"upper press",19
"the truman",19
"sc auditor",19
"room 33",19
"room 216",19
"nixon bowl",19
"lower suit",19
"ipb 374",19
"ew shelter",19
"ew 209",19
"eeob rm 42",19
"eeob cr 44",19
"eeob bowling alley",19
"eeob 77",19
"eeob 76",19
"eeob 528",19
"eeob 443",19
"eeob 326",19
"eeob 115`",19
"eeob 072",19
"cabinet room",19
"551",19
"547",19
"530/532",19
"37a",19
"37 bowlin",19
"331",19
"2008 gym",19
"103",19
"037bowling",19
"037/bowling alley",19
"ww/oval office",18
"ww//ward r",18
"ww//oval o",18
"ww//navy m",18
"ww ward r",18
"ww cabin",18
"whsrjfk",18
"so grounds",18
"room 457",18
"rm 428",18
"ovaloffic",18
"oval (pres",18
"neob penth",18
"neob 3001",18
"ike's eate",18
"family din",18
"ew220",18
"ew room 20",18
"ew lobby",18
"ew 220",18
"eeob rm 25",18
"eeob 88",18
"eeob 448",18
"eeob 302a",18
"eeob 284",18
"eeob 282",18
"eeob 201",18
"eeob 167",18
"eeob 153",18
"dip rm",18
"crneoboa",18
"99",18
"62580",18
"556",18
"530 eeob",18
"52271",18
"5104.0",18
"374 exec",18
"36/bowling",18
"315",18
"164",18
"10103.0",18
"10003",18
"0e0b 037",18
"ww cos ann",17
"statedinin",17
"sb221",17
"room 94 ee",17
"room 226",17
"rm 210",17
"o14",17
"northwest",17
"north cour",17
"neob 1st",17
"ew203",17
"ew/ east r",17
"eob 178",17
"eeob basem",17
"eeob 69",17
"eeob 599",17
"eeob 186",17
"eeob 138",17
"eeob #13",17
"east wing 204",17
"clinic",17
"82.0",17
"64245",17
"49w",17
"4:30",17
"39 bowling",17
"324",17
"2211 neob",17
"2200",17
"208cordel",17
"109a",17
"10031",17
"100.0",17
"037boweli",17
"wwlobby",16
"ww/palm ro",16
"ww ward",16
"ww vp offi",16
"ww mess ro",16
"ww executi",16
"ww - brief",16
"whmess",16
"west exc a",16
"w",16
"valerie ja",16
"staff dini",16
"smslarge",16
"sms 374",16
"sb214",16
"rososevelt",16
"room 25",16
"room #486",16
"rm 037 bow",16
"princeton",16
"o19",16
"neob only",16
"neob 550",16
"jfk",16
"frs 180a",16
"ew/eeob",16
"ew 2nd flo",16
"eeob sow",16
"eeob rm 5",16
"eeob bowling",16
"eeob 404",16
"eeob 312",16
"eeob 264",16
"eeob 211/2",16
"eeob 038",16
"dip and ma",16
"bowilng al",16
"9206",16
"7235",16
"5325a",16
"52272",16
"4th floor",16
"485 eeob",16
"445 ipc",16
"4430 bc",16
"410",16
"3205",16
"316 then",16
"27 bowli",16
"249",16
"124 eeob",16
"112 east",16
"ww/nsa",15
"ww 2",15
"wh/mess",15
"wh garden",15
"wh east wi",15
"vps west",15
"room #484",15
"rm 331",15
"pro office",15
"private di",15
"penthouse",15
"oeob474/in",15
"o10",15
"neob 6116",15
"neob 5200",15
"jpn 230",15
"ewstate r",15
"ew room 1",15
"ew 1000",15
"eeob rm 68",15
"eeob 62",15
"eeob 251",15
"eeob 215",15
"eeob 181",15
"eeob 149",15
"eeob 147",15
"eeob 13",15
"eeob 073",15
"e. executi",15
"cafe",15
"alley",15
"9221",15
"75",15
"526",15
"44",15
"280a",15
"218b",15
"204 east",15
"109.0",15
"ww/outer o",14
"ww photo o",14
"ww main lo",14
"whsrsmall",14
"wh south l",14
"wh physici",14
"vpc",14
"truman roo",14
"state fl",14
"sow228",14
"sow eeob",14
"south law",14
"sg",14
"ser office",14
"room 8002",14
"room #94",14
"rm 10002",14
"residenc",14
"res/ofdr",14
"res physic",14
"press",14
"pfs admin",14
"neob 570",14
"madison pl",14
"ew211",14
"ew/library",14
"eeob476",14
"eeob 386",14
"eeob 330",14
"eeob 319",14
"eeob 305",14
"eeob 256",14
"e037",14
"coss offi",14
"bowling ro",14
"9104.0",14
"8226",14
"77",14
"6001h",14
"5217",14
"4200",14
"374 norms",14
"3200",14
"31",14
"306",14
"3021",14
"274/vp cer",14
"234.0",14
"21",14
"180 a",14
"17th/e st",14
"019 ll",14
"0.367",14
"ww press b",13
"ww mess fa",13
"ww-oval of",13
"wshr exec",13
"whsrwhsr e",13
"whsr/ww",13
"whsr jfk",13
"wh ground",13
"state floor/east rm",13
"sca (rando",13
"rr ww",13
"roos. rm.",13
"room 210/2",13
"room 039",13
"pfs",13
"neob 450",13
"n court co",13
"ews ebr",13
"ew/ww/eeo",13
"ew 100 / o",13
"eeob 576",13
"eeob 49",13
"eeob 457",13
"eeob 374 (",13
"eeob 263",13
"eeob 221",13
"cr550",13
"b235",13
"8221",13
"7217",13
"503",13
"379.0",13
"374 sms",13
"374 dns",13
"350 and 27",13
"230a eeob",13
"230.0",13
"229 @ 5:30",13
"209a",13
"2020 neob",13
"149",13
"112 ew",13
"ww/press o",12
"ww/ west w",12
"ww secon",12
"ww-ward ro",12
"whmo front",12
"wh press b",12
"wh cos off",12
"sitroom ex",12
"sit room/w",12
"se gate",12
"sb235 and",12
"sb226 and",12
"sb226",12
"room 94",12
"room 530",12
"room 238",12
"room 18",12
"room 030",12
"room #1023",12
"res dr. of",12
"private re",12
"pennsylvan",12
"open house",12
"oepb 037/b",12
"oeob037/bo",12
"lower eas",12
"gfl/ww",12
"g001",12
"flotus",12
"eeob 82",12
"eeob 67",12
"eeob 20",12
"eeob 132",12
"eeob 037an",12
"dip room/w",12
"dip rm/ww",12
"9th floor",12
"9227",12
"69281",12
"6025a",12
"55527",12
"430 test",12
"4104",12
"403",12
"4020",12
"374 sms e",12
"35",12
"274/vps c",12
"234 eeob",12
"228 room",12
"188a",12
"137c",12
"101103",12
"10007a",12
"019",12
"ww2nd floo",11
"ww/rosseve",11
"ww//main l",11
"ww vps of",11
"ww press s",11
"ww navy m",11
"ww navy",11
"whmo secur",11
"white house",11
"susans of",11
"suite",11
"stateroom",11
"speechwrit",11
"s. ct audi",11
"roosevelet",11
"room 9116",11
"room 307",11
"room 20",11
"room #528",11
"room #480",11
"rm ew206",11
"print shop",11
"omb cafete",11
"o20",11
"ew102 & ov",11
"ew/ebr",11
"ew 212/sou",11
"eeob49",11
"eeob200",11
"eeob rm 35",11
"eeob 491",11
"eeob 266",11
"eeob 241",11
"eeob 082",11
"east wingg",11
"eas",11
"dr. biden",11
"doctors of",11
"depature p",11
"b039",11
"7215.0",11
"7213",11
"6218",11
"6 flr heal",11
"493b",11
"442 eeob",11
"434",11
"428 eeob",11
"4208.0",11
"406",11
"405 eeob",11
"401.0",11
"387",11
"374 ipb sm",11
"3220",11
"230sow",11
"204ew",11
"188w",11
"157",11
"155",11
"144 eeob",11
"073",11
"027 didlak",11
"ww2f",10
"ww/wshr",10
"ww/oval pa",10
"ww/exe",10
"ww sitroom",10
"ww 1 fl",10
"ww / oval",10
"whmu clini",10
"whla",10
"wh/eeo",10
"west exec.",10
"upper suit",10
"statedini",10
"sec of war",10
"sb223",10
"roosevet",10
"room#484",10
"room 430b",10
"room 10025",10
"room 065 a",10
"rm 5008",10
"rm 25",10
"rm # 274",10
"resident",10
"reisdence",10
"reception",10
"pony shed",10
"ovp west w",10
"oval priva",10
"oeob 474/i",10
"oeob 037 b",10
"neob 7026",10
"neob 6101",10
"neob 400",10
"neob 2008",10
"ikes eatr",10
"gfl ww",10
"gf",10
"ew east",10
"eeob gift",10
"eeob cooli",10
"eeob 8a bo",10
"eeob 487",10
"eeob 243",10
"eeob 197",10
"east repce",10
"e208",10
"dip room/o",10
"cr570",10
"cr 550",10
"amb. rices",10
"9115",10
"91104",10
"8113",10
"7211",10
"7102",10
"5218-a",10
"519",10
"515",10
"479b",10
"472 eeob",10
"37bowling alley",10
"240a",10
"152",10
"13a ew",10
"132 eeob",10
"111a",10
"1115",10
"111 couche",10
"10033",10
"097",10
"037 bowing",10
"wwtour",9
"wwsituati",9
"wwground f",9
"wwest wing",9
"ww/executi",9
"ww/cos",9
"ww lobby/s",9
"whmo 208",9
"wh situtat",9
"wh sit roo",9
"wh gift sh",9
"west wingn",9
"ushers of",9
"state flor",9
"sow room 2",9
"sourth cou",9
"sb220",9
"rosegarden",9
"room#039",9
"room 88",9
"roof",9
"rm 68",9
"press brei",9
"oval / eas",9
"neob rm 32",9
"neob cafe",9
"neob 4202",9
"nec conf r",9
"indiant tr",9
"group tour",9
"ew106",9
"ew store",9
"ew room 12",9
"ew first l",9
"ew 223",9
"eob 228",9
"eeob37",9
"eeob207",9
"eeob tours",9
"eeob floor",9
"eeob 7",9
"eeob 63",9
"eeob 434",9
"eeob 240a",9
"eeob 202a",9
"eeob 144",9
"eeob 109",9
"e street n",9
"cr450",9
"china room",9
"9028",9
"8223",9
"8116.0",9
"70002",9
"64",9
"6216",9
"6206",9
"553b",9
"548",9
"52355",9
"5014",9
"496",9
"477b",9
"474/ india",9
"45 eeob",9
"413",9
"361.5",9
"248 eeob",9
"202ew",9
"2010",9
"200 east w",9
"15th & e",9
"135.0",9
"037 bowli",9
"019 lower",9
"014",9
"0",9
"wwwhmess",8
"wwnavy me",8
"ww/second",8
"ww/family",8
"ww/east ro",8
"ww/2nd fl",8
"ww//whsr",8
"ww sr",8
"ww schedul",8
"ww physici",8
"ww ground floor",8
"ww cos off",8
"ww cos con",8
"wst wing",8
"whsrexec.",8
"whsr break",8
"who eop re",8
"wh cos",8
"west wing 2nd floor",8
"truman bo",8
"staff sec",8
"sow230b",8
"sow 430 b",8
"sgrounds",8
"sb112",8
"s. grnds.",8
"room 460",8
"room \550",8
"room #206",8
"rm 3113",8
"resdience",8
"res/physic",8
"potus",8
"ovalww",8
"oval offie",8
"oval ofc",8
"neob rm 3",8
"neob gym",8
"neob 7025",8
"n & s grou",8
"medical un",8
"lawn",8
"jfk situat",8
"jackson",8
"groundfloo",8
"gf suite w",8
"ews120",8
"ew2112",8
"ew/recepti",8
"ew 2l",8
"essa whsr",8
"eoc rm 13",8
"eeob rm 47",8
"eeob rm 2",8
"eeob rm 1",8
"eeob audit",8
"eeob 81",8
"eeob 497",8
"eeob 482",8
"eeob 476a",8
"eeob 37 bo",8
"eeob 302",8
"eeob 285",8
"eeob 258",8
"eeob 223",8
"eeob 2`7",8
"eeob 139",8
"eeob 108",8
"dental off",8
"cr400",8
"cos confer",8
"cafe/fishb",8
"bowling 03",8
"bcb confer",8
"b23",8
"b 208",8
"95",8
"9140",8
"9116.0",8
"8016",8
"7214",8
"6007",8
"551b",8
"531",8
"528 eeob",8
"5208a",8
"520.0",8
"495.0",8
"485.0",8
"4221.0",8
"4218a",8
"412b",8
"412.0",8
"392",8
"374 o5",8
"374 (sms e",8
"370",8
"3100",8
"30/eeob ik",8
"2nd fl",8
"279.0",8
"271 (confi",8
"237.0",8
"2333",8
"226a",8
"2211 (neob",8
"2204",8
"1fl/ww",8
"112 a",8
"10208",8
"102 / mess",8
"032",8
"030 ikes",8
"ww1fl",7
"ww/staff s",7
"ww/press l",7
"ww/lower s",7
"ww/ground",7
"ww//2nd ro",7
"ww staff s",7
"ww press o",7
"ww oval",7
"ww opso",7
"ww brief",7
"ww 1st f",7
"ww-mess",7
"whsr sma",7
"whmu",7
"whewintern",7
"wh ward ro",7
"wh staff m",7
"wh grounds",7
"wh 2nd flo",7
"westexec",7
"west wing 1st floor",7
"vp",7
"upper ww l",7
"upper lobb",7
"truman blo",7
"tour ew",7
"sow208",7
"southgrnds",7
"sms exec r",7
"sground",7
"scourt",7
"sca (hindu",7
"sb233",7
"room 97",7
"room 234",7
"room #226",7
"rooftop",7
"press stak",7
"penn ave",7
"oval off",7
"oeob/037 t",7
"nist 180a",7
"neob 4th f",7
"n. court",7
"lunch mess",7
"level b1",7
"ike?s eate",7
"housekeepi",7
"hayashi",7
"grfl/ww",7
"g202a",7
"flowershop",7
"ews 220",7
"eweast ro",7
"ew209",7
"ew102 and",7
"ew 2nd fl",7
"erb sms 37",7
"eeop 130",7
"eeob482",7
"eeob206",7
"eeob153",7
"eeob118",7
"eeob clini",7
"eeob 84",7
"eeob 71",7
"eeob 70",7
"eeob 594",7
"eeob 54",7
"eeob 536",7
"eeob 493a",7
"eeob 488",7
"eeob 479b",7
"eeob 477",7
"eeob 32",7
"eeob 289",7
"eeob 283",7
"eeob 279",7
"eeob 250",7
"eeob 242",7
"eeob 177",7
"eeob 0076",7
"east landi",7
"doctors o",7
"csca",7
"bowling/rm",7
"blueroom",7
"basement o",7
"b1",7
"9204",7
"8208",7
"7215 confe",7
"7125",7
"5550",7
"542",7
"533",7
"5203b",7
"5103",7
"500",7
"50",7
"498",7
"476 eeob",7
"474/94",7
"474 / 074",7
"460 team m",7
"439abc",7
"4235a",7
"4115",7
"4",7
"374 eeob",7
"3302",7
"3108",7
"310",7
"3051",7
"3:00 pm",7
"2nd floor ww",7
"2390a",7
"226 and 22",7
"2111b",7
"2 floor",7
"172/tbd",7
"144.0",7
"130 eeob",7
"12:00 pm",7
"10266",7
"10218",7
"10101",7
"074",7
"039 eeob",7
"037bowli",7
"037/580",7
"#291",7
"wwwhite h",6
"wwroosevel",6
"ww120",6
"ww/ward rm",6
"ww/vps of",6
"ww/susan r",6
"ww/speechw",6
"ww/physici",6
"ww/jeffzie",6
"ww/dip roo",6
"ww/cos off",6
"ww/cos con",6
"ww/chief o",6
"ww//state",6
"ww/ situat",6
"ww staff m",6
"ww simas o",6
"ww mess di",6
"ww floor 2",6
"ww first",6
"ww david a",6
"ww briefin",6
"ww 12",6
"ww 1 floor",6
"ww-vp offi",6
"wh west wi",6
"wh second",6
"wh mess/wh",6
"wh mess di",6
"wh mess &",6
"west wind",6
"west west",6
"west tour",6
"west lobby",6
"w w",6
"vp suite",6
"various",6
"tr533",6
"stair case",6
"stackout",6
"south ct.",6
"south court",6
"siw 228",6
"sca (relig",6
"sca (becke",6
"sca ( cent",6
"sb234",6
"sb232",6
"s.ct aud",6
"room 68",6
"room 206 e",6
"room 10202",6
"room #25",6
"rm 400",6
"rm 137",6
"rm 037",6
"rm 015",6
"res/blue r",6
"paulette a",6
"pastry sho",6
"parking ga",6
"north drive",6
"noeb penth",6
"neob visit",6
"neob room",6
"neob cafte",6
"neob 7002",6
"neob 6235",6
"neob 565",6
"neob 5001",6
"nayv mess",6
"map rm",6
"madison av",6
"loading do",6
"kristies o",6
"itr / 474",6
"housekeepe",6
"grnd fl ww",6
"green room",6
"exec whsr",6
"ews pro of",6
"ew/13a",6
"ew#206",6
"ew rm 112",6
"ew 102 / m",6
"ew 102 / e",6
"ew #100",6
"erb 445",6
"eob room 0",6
"eeoc",6
"eeob499",6
"eeob430abc",6
"eeob151",6
"eeob15",6
"eeob130",6
"eeob sms l",6
"eeob ikes",6
"eeob bowl",6
"eeob 595",6
"eeob 432",6
"eeob 336",6
"eeob 262",6
"eeob 261",6
"eeob 199",6
"eeob 198",6
"eeob 189",6
"eeob 182",6
"eeob 165a",6
"eeob 161",6
"eeob 140",6
"eeob 027",6
"east/south",6
"east wing;",6
"east ext a",6
"east exe.",6
"east exe",6
"e100",6
"e street (",6
"czech nsa",6
"court yard",6
"conference",6
"bowling/we",6
"b27",6
"b005",6
"apnsa suit",6
"amb. rice",6
"9208e",6
"9114",6
"8106",6
"7326",6
"7239",6
"7223",6
"7201",6
"6th floor",6
"63459",6
"6121",6
"6014",6
"6001c",6
"60 bowling",6
"553a",6
"51243",6
"511.5",6
"5101",6
"502a",6
"488.0",6
"430/itr",6
"4205",6
"4122",6
"4021",6
"378",6
"374/sms ex",6
"353 eeob",6
"339",6
"334",6
"3215",6
"314",6
"3000",6
"283.0",6
"248.0",6
"247",6
"243/bowlin",6
"234a",6
"230a sow",6
"228.0",6
"2233",6
"216.0",6
"201/212",6
"1772",6
"16a",6
"113",6
"107.0",6
"10261",6
"10230",6
"10029",6
"10025`",6
"037/eeob",6
"wwsituatio",5
"ww1st flo",5
"ww/vice pr",5
"ww/suite",5
"ww/state f",5
"ww/o10",5
"ww/2fl",5
"ww//2ndflo",5
"ww/ 2nd fl",5
"ww vp",5
"ww lobby/o",5
"ww gflr",5
"ww cos 1st",5
"ww 226",5
"ww 1st floor",5
"wshr small",5
"whsr exec.",5
"whmo hq",5
"whcc jacks",5
"wh/ww mess",5
"wh navy mess",5
"wh mess wa",5
"west wign",5
"ward room(",5
"w228",5
"vp ww",5
"vp ofc ww",5
"tour eeob",5
"state pla",5
"state pl p",5
"staircase",5
"sp8",5
"south crt",5
"soouth cou",5
"scr",5
"sca (rac)",5
"sca (inter",5
"sca (aclu)",5
"sb236b",5
"sb229",5
"s court ad",5
"roome 530",5
"room 5200",5
"room 317",5
"room 048",5
"room #462",5
"room #461",5
"rm 8/g2",5
"rm 8",5
"rm 3201",5
"rm 25 eeo",5
"res med cl",5
"r234",5
"photo offi",5
"peoc",5
"oval/east",5
"oval /ew 1",5
"oval / ew1",5
"o18",5
"nsa office",5
"neob garag",5
"neob 9116",5
"neob 8211",5
"neob 8116",5
"neob 7236",5
"neob 5000",5
"neob 4208",5
"neob 4000",5
"neob 3025",5
"neob 2211b",5
"nec huddle",5
"n/a",5
"medical cl",5
"med unit",5
"master con",5
"map room/r",5
"lower corr",5
"levels b1",5
"jon carson",5
"itr/94",5
"g 007",5
"fifth floo",5
"ews/eeob b",5
"ewroom100",5
"ew/2nd flo",5
"ew/100",5
"ew visito",5
"ew peoc",5
"ew flotu",5
"ew 2nd flr",5
"ew 212 and s",5
"ew #206",5
"ew !00",5
"eeob263",5
"eeob228",5
"eeob/45",5
"eeob sms #",5
"eeob 596",5
"eeob 59",5
"eeob 498",5
"eeob 493",5
"eeob 454",5
"eeob 343",5
"eeob 296",5
"eeob 269",5
"eeob 239",5
"eeob 165",5
"eeob 136",5
"eeob 104",5
"east rm/re",5
"e street p",5
"curators",5
"cr 6116",5
"cheif of s",5
"cecilias",5
"cc 230b",5
"b27 (res)",5
"ac16",5
"9106",5
"9102",5
"9019",5
"83 eeob",5
"816",5
"802",5
"8005",5
"7205",5
"7036",5
"691",5
"6812",5
"65176",5
"63977",5
"6335",5
"62650",5
"62322",5
"6225 bsb c",5
"6202b",5
"589",5
"580/eeob",5
"562",5
"530.0",5
"52353",5
"5235.0",5
"5230.0",5
"5100",5
"502",5
"451b",5
"440a",5
"433",5
"4221 mast",5
"4117",5
"409",5
"40",5
"396",5
"355",5
"3505",5
"303 eeob",5
"3006",5
"296ew",5
"254",5
"252l",5
"228 sow",5
"2230a",5
"212.0",5
"210/ 212",5
"208 cordel",5
"206 east r",5
"2002",5
"20-feb",5
"179`",5
"160 ww",5
"130/oval o",5
"1111",5
"10214",5
"10105",5
"08a",5
"074/gift s",5
"030 ikes e",5
"015 eeob b",5
"#94 and #9",5
"wwsitroom",4
"wwpress l",4
"wwlower p",4
"ww2nd fl",4
"ww/whsr sm",4
"ww/west wi",4
"ww/tour",4
"ww/press s",4
"ww/pfs/mes",4
"ww/navy mess",4
"ww/lower p",4
"ww//tour",4
"ww/ press",4
"ww upper l",4
"ww uppe",4
"ww speechwriting",4
"ww rr",4
"ww oval of",4
"ww oval o",4
"ww mess ha",4
"ww mess ba",4
"ww lower p",4
"ww loby",4
"ww 3rd flo",4
"ww 2d floo",4
"ww-oval",4
"whsr/situa",4
"whsr ww",4
"whsr execu",4
"wh exteri",4
"wh curator",4
"wh bowling",4
"west & eas",4
"w. exec wh",4
"w 100",4
"vps suite",4
"vp ww ofic",4
"usss pass",4
"trade room",4
"tina gray",4
"tech ctrl",4
"steam room",4
"stateplace",4
"staff secr",4
"staff dinn",4
"sow suit",4
"south gnds",4
"sms exec e",4
"situation room",4
"sers offic",4
"sca 105",4
"sca (musli",4
"sb 226",4
"s courtyar",4
"rosegarde",4
"room 99/re",4
"room 89",4
"room 72a",4
"room 5013",4
"room 360",4
"room 3025",4
"room 13",4
"room #400",4
"room #12",4
"room # 97",4
"rm 28",4
"rm 206",4
"rm 20",4
"residenenc",4
"res doctor",4
"rear lobby",4
"press sec",4
"potus dini",4
"physician office",4
"pass offic",4
"parking s",4
"oval/ew102",4
"oval ofice",4
"outeroval",4
"ocfo suite",4
"nps ofce and",4
"north & so",4
"neobcourt",4
"neob soc 3",4
"neob 7203",4
"neob 7001",4
"neob 4211",4
"neob 3007",4
"neob 2211",4
"neob 10026",4
"neob 10025",4
"nec office",4
"nec front",4
"navy ness",4
"my office",4
"multiple",4
"mc 4th flo",4
"load dock",4
"library/g",4
"jonathan a",4
"ikes eatery",4
"ike cafe",4
"health uni",4
"ground flr",4
"gf/ww",4
"garden",4
"flotus ofc",4
"flotus' of",4
"famtheat",4
"ewr",4
"ew2fl",4
"ew103",4
"ew/flotus",4
"ew/briefin",4
"ew whmo hq",4
"ew room 13",4
"ew 228",4
"ew 2041",4
"ew-east ro",4
"erb",4
"eob room 5",4
"eeob56",4
"eeob485",4
"eeob472",4
"eeob282",4
"eeob236",4
"eeob171",4
"eeob039",4
"eeob state",4
"eeob rm 70",4
"eeob loung",4
"eeob first",4
"eeob bow",4
"eeob badge",4
"eeob 95",4
"eeob 72a",4
"eeob 597",4
"eeob 592a",4
"eeob 564",4
"eeob 484",4
"eeob 483",4
"eeob 459",4
"eeob 438",4
"eeob 435",4
"eeob 421",4
"eeob 418",4
"eeob 411",4
"eeob 393",4
"eeob 389",4
"eeob 361",4
"eeob 311",4
"eeob 23a",4
"eeob 218a",4
"eeob 168",4
"eeob 162",4
"eeob 154",4
"eeo 205",4
"ee",4
"ebr east",4
"e w",4
"e executiv",4
"drivers",4
"cr 545",4
"counsel",4
"cooling to",4
"convention",4
"chiefs mes",4
"bowling ee",4
"book selle",4
"b1, b2",4
"b065",4
"94/walkth",4
"94 eeob",4
"93",4
"9200",4
"92",4
"91116",4
"9015",4
"9",4
"8a truman",4
"8215",4
"8205",4
"80a",4
"8035",4
"6215",4
"6113",4
"6102",4
"6001e",4
"587",4
"576",4
"562a",4
"559",4
"554 neob",4
"552a",4
"552",4
"538",4
"530/32",4
"5235b",4
"523",4
"5228",4
"52224",4
"5203.0",4
"5171",4
"51066",4
"5021",4
"50001",4
"493 a",4
"476 eo",4
"474 / itr",4
"460a",4
"452",4
"445a",4
"441b",4
"434 339",4
"430c",4
"4155",4
"411a",4
"404.0",4
"4018",4
"4002",4
"37truman",4
"374 (sms s",4
"373",4
"356",4
"351 eeob",4
"350.0",4
"349",4
"343meeting",4
"341 eeob",4
"3313",4
"330b 476",4
"3304",4
"32201",4
"320",4
"3105",4
"3015 / gcr",4
"3014",4
"3012",4
"3010",4
"2nd florr",4
"2d floor w",4
"289 a",4
"280.0",4
"27bowling",4
"261.5",4
"2244",4
"224 (nec)",4
"2226",4
"222 eeob",4
"2211/ikes",4
"2200 cafet",4
"208 eeob",4
"206/ whmo",4
"205 eeob",4
"202 east",4
"2008.0",4
"20008",4
"2 fl",4
"1st/ww",4
"1st & 2nd",4
"180 eeob",4
"160a",4
"158",4
"157family",4
"15&e stree",4
"13ew",4
"138 eeob",4
"132.0",4
"114.0",4
"11",4
"10231",4
"10206",4
"102 / wh m",4
"101a",4
"100 ew",4
"100 east w",4
"100 a",4
"04b",4
"039bowlin",4
"038",4
"037b",4
"037/ruman",4
"019, ll",4
"wwwmess",3
"wwm",3
"ww`ward ro",3
"ww/vpotus",3
"ww/navy m",3
"ww/marine",3
"ww/gf",3
"ww/blue ro",3
"ww/ oval",3
"ww/ 1st fl",3
"ww.navy me",3
"ww wing lo",3
"ww vjs o",3
"ww susan r",3
"ww souza",3
"ww soeechw",3
"ww rm 223",3
"ww pete so",3
"ww ofc",3
"ww nec fro",3
"ww lobbby",3
"ww grnd fl",3
"ww cos sui",3
"ww cos o",3
"ww 2nd cou",3
"ww 1",3
"ww - upper",3
"ww-navy me",3
"ww-gf",3
"whte house",3
"whsr ecr",3
"whgfl",3
"wh state f",3
"wh press l",3
"wh mess/gi",3
"wh mansion",3
"wh east ro",3
"wh briefin",3
"wh & eeob",3
"westwing,",3
"westwing n",3
"west wing tour",3
"weat wing",3
"w16",3
"w exec (wh",3
"w exec",3
"vpotus ww office",3
"vpotus wes",3
"vp ww office",3
"vp offive",3
"treaty roo",3
"tr445",3
"the west w",3
"the navy m",3
"sw gate/we",3
"stay in ve",3
"state place parking",3
"state palc",3
"state fl/",3
"sow226",3
"sow 230 b",3
"souvenier",3
"south conf",3
"sob 230b",3
"sms374",3
"sms tbd",3
"sms spaces",3
"sms execut",3
"sitrm",3
"sit. room",3
"sca/oval",3
"sca (sikh",3
"sb235",3
"sb 222",3
"sb 220",3
"s.grounds",3
"s. ct aud",3
"s. courti",3
"rose gardn",3
"room#10235",3
"room# 1023",3
"room 528 e",3
"room 274",3
"room 218",3
"room 212",3
"room 208",3
"room 176",3
"room 058",3
"room #488",3
"room #362",3
"room #360",3
"room #358",3
"room #224",3
"room # 520",3
"roof/anten",3
"rm94",3
"rm.20",3
"rm 5200 5",3
"rm 37",3
"rm 3202",3
"rm 236",3
"residence clinic",3
"res cinic",3
"press area",3
"portico",3
"piv office",3
"palm rm/re",3
"ovp office",3
"oval and w",3
"opso ww",3
"ola",3
"o37",3
"nss lower",3
"nsc lower",3
"north hall",3
"neobcr45",3
"neob5th f",3
"neob400",3
"neob//5th",3
"neob pent",3
"neob libra",3
"neob j3 ca",3
"neob cr 40",3
"neob chill",3
"neob b208",3
"neob 7325",3
"neob 551",3
"neob 533",3
"neob 5013",3
"neob 4221",3
"neob 420",3
"neob 3019",3
"nay mess",3
"navy steps",3
"naval mess",3
"n. grounds",3
"n&s ground",3
"messww",3
"mess lunch",3
"mess dinin",3
"med clinic",3
"marine 1",3
"lower west",3
"lowe press",3
"lisa monac",3
"library/rm",3
"lf/ww",3
"lcorum",3
"kennedy ga",3
"itr (4)",3
"indian tr",3
"holiday ea",3
"gsa fire s",3
"ground 1s",3
"grnd flr w",3
"gfl",3
"g102/libr",3
"fsib (9th",3
"floor 1 ww",3
"floor 1 co",3
"fam theat",3
"ewrooseve",3
"ew202",3
"ew102 and so",3
"ew/kennedy",3
"ew/208",3
"ew/200",3
"ew/ 200",3
"ew ground",3
"ew basemen",3
"ew and res",3
"ew 200 (fl",3
"ew 109",3
"eop east r",3
"eer",3
"eeod d3",3
"eeob94",3
"eeob55",3
"eeob450",3
"eeob415",3
"eeob273",3
"eeob234",3
"eeob184",3
"eeob156",3
"eeob112",3
"eeob/16",3
"eeob s.cou",3
"eeob roo",3
"eeob 98",3
"eeob 91",3
"eeob 89",3
"eeob 58",3
"eeob 55011",3
"eeob 5",3
"eeob 477b",3
"eeob 467",3
"eeob 456",3
"eeob 45",3
"eeob 440",3
"eeob 437",3
"eeob 417",3
"eeob 39",3
"eeob 362",3
"eeob 340",3
"eeob 329",3
"eeob 318",3
"eeob 30",3
"eeob 278",3
"eeob 270",3
"eeob 244",3
"eeob 240",3
"eeob 225",3
"eeob 22",3
"eeob 213",3
"eeob 209",3
"eeob 1st a",3
"eeob 191",3
"eeob 156",3
"eeob 155",3
"eeob 152",3
"eeob 141",3
"eeob 135",3
"eeob 125",3
"eeob 123",3
"eeob 104a",3
"eeob 086",3
"eeob 019",3
"eeo 430",3
"eeeob 474",3
"eatery (se",3
"eastexec/h",3
"east wing 112",3
"east wiing",3
"e.execuv",3
"e.exec ave",3
"e. exec dr",3
"e street/p",3
"e executi",3
"dutch 230a",3
"driver",3
"dpc suite",3
"diproom",3
"dip recept",3
"dining mes",3
"didlake of",3
"deputy cos",3
"dcos",3
"cr550a",3
"cr 493a",3
"cr 400",3
"cr 3015",3
"comms",3
"comm cente",3
"cat walk t",3
"cabinetroo",3
"building t",3
"bsb conf t",3
"b208 melwo",3
"b-208",3
"97/residen",3
"96",3
"94 (whmu o",3
"9216",3
"9113",3
"9025.0",3
"88 and 89",3
"8222 neob",3
"8112",3
"8011",3
"79a",3
"747",3
"7228.0",3
"7203.0",3
"7103",3
"66225",3
"64013",3
"6225 conf",3
"6223",3
"61199",3
"6115",3
"6036",3
"6035",3
"6019",3
"6000",3
"5880",3
"55897",3
"557",3
"553 or 554",3
"543",3
"533 neob",3
"52innovat",3
"5234",3
"5224a",3
"5224.0",3
"5208.0",3
"519.20000000000005",3
"516.20000000000005",3
"5113.0",3
"504.3",3
"499 (tbd)",3
"497.0",3
"495a",3
"492 eeob",3
"491a",3
"482.0",3
"477a",3
"474 it roo",3
"474 eeob",3
"463a",3
"457a",3
"455a",3
"430am",3
"4235",3
"4226",3
"4224",3
"4210",3
"421.0",3
"4204",3
"42018",3
"4201",3
"4120",3
"410.2",3
"409.4",3
"4050",3
"4032",3
"4:00",3
"391",3
"382 eeob",3
"374/itr",3
"374/eeob",3
"365",3
"360 eeob",3
"343 eeob",3
"33113",3
"3232",3
"323",3
"322",3
"3207",3
"32.0",3
"316.0",3
"3102",3
"307.0",3
"3032",3
"3029",3
"3017",3
"3015.0",3
"30/tables",3
"30/ikes e",3
"3",3
"2ndfloor",3
"2nd flr",3
"293",3
"289.0",3
"287.0",3
"281.0",3
"261a",3
"243`",3
"238a",3
"233.0",3
"2324",3
"230bc",3
"230b cfr",3
"230a`",3
"2302",3
"226sb",3
"226 eeob",3
"222.0",3
"221b",3
"2211b/ocfo",3
"2211 cafet",3
"2211 b",3
"214",3
"212 east w",3
"211 east w",3
"210a",3
"204/ew",3
"204.0",3
"203g",3
"2020.0",3
"2020 and l",3
"200.0",3
"2 floor ww",3
"19.0",3
"188/bowlin",3
"186.0",3
"181.0",3
"172 eeob",3
"148b",3
"143b",3
"13a ew she",3
"128",3
"115a",3
"115 b",3
"112.0",3
"1110",3
"111.0",3
"110.0",3
"10239",3
"102036",3
"100025",3
"1000",3
"048",3
"039 truman",3
"019 upper",3
"015",3
"#97 #94",3
"your offic",2
"wwvalerie",2
"wwrr",2
"wwmark ch",2
"wwl",2
"wwgrdfl",2
"wwcos off",2
"ww/whmess",2
"ww/ward r",2
"ww/vps off",2
"ww/vp suit",2
"ww/visitor",2
"ww/sit. r",2
"ww/press b",2
"ww/mess di",2
"ww/first l",2
"ww/curator",2
"ww/brady",2
"ww// 2nd f",2
"ww.wardroo",2
"ww vpotus",2
"ww vp rece",2
"ww the mes",2
"ww suite",2
"ww souza o",2
"ww recepti",2
"ww press r",2
"ww press",2
"ww nsa sui",2
"ww mess/pf",2
"ww m",2
"ww kibbt",2
"ww gr fl s",2
"ww g floor",2
"ww avril h",2
"ww 2fl and",2
"ww 210",2
"ww 200",2
"ww 1st flr",2
"ww 1st cos",2
"ww 1sr flo",2
"ww 121",2
"ww // 2nd",2
"ww / pebbl",2
"ww / nsa",2
"ww / navy",2
"ww / mess",2
"ww / eeob",2
"ww (blue b",2
"ww - groun",2
"ww-whmess",2
"ww- wh mes",2
"whw2nd flo",2
"whtour",2
"whsr/west",2
"whsr large",2
"who ew100",2
"whnmess",2
"whmo hq (e",2
"wh/ww",2
"wh/navy me",2
"wh/22nd fl",2
"wh ww tour",2
"wh palm ro",2
"wh mess/ww",2
"wh lower l",2
"wh gym",2
"west/east",2
"west wubg",2
"west wng",2
"west wi ng",2
"west / eas",2
"w.exec & u",2
"vptous off",2
"vps west w",2
"vpotusoff",2
"vp ww 1st",2
"vp west wing office",2
"vp suite w",2
"vp's west",2
"ut101",2
"usher offi",2
"trneoboa",2
"trick or t",2
"trek offi",2
"training r",2
"tr 474",2
"test",2
"tcf",2
"subbaseme",2
"stateplac",2
"state plas",2
"state fl/s",2
"state d.r.",2
"staff room",2
"sow 230",2
"souza west",2
"souza offi",2
"souh court",2
"social off",2
"so court",2
"sitroom jf",2
"sit room w",2
"sit room e",2
"simas offi",2
"shelter",2
"sers offi",2
"scaz",2
"sb2",2
"salon",2
"s. grnds",2
"rr room",2
"roosevlet",2
"room 98",2
"room 77",2
"room 74",2
"room 6101",2
"room 558",2
"room 493",2
"room 484",2
"room 467",2
"room 4208",2
"room 393",2
"room 32",2
"room 3113",2
"room 3004",2
"room 30",2
"room 248",2
"room 240",2
"room 206",2
"room 202b",2
"room 2020",2
"room 100",2
"room 060",2
"room 027",2
"room #481",2
"room #428",2
"room #425",2
"room #364",2
"room #360a",2
"room #359",2
"room #230a",2
"room # 037",2
"rm. 68 eeo",2
"rm. 20",2
"rm. 130",2
"rm 89",2
"rm 62",2
"rm 5200",2
"rm 367",2
"rm 32",2
"rm 316",2
"rm 233",2
"rm 2211/ca",2
"rm 020",2
"rm",2
"residince",2
"residence-",2
"res/south",2
"res. denta",2
"pressbrie",2
"press secr",2
"ppr/3rd",2
"physicans",2
"physical s",2
"photo",2
"phils off",2
"peoc ebr",2
"penn avenu",2
"patio",2
"ovp ww",2
"ovel offic",2
"oval dinin",2
"osep 4th f",2
"orientatio",2
"ola office",2
"ola ew 107",2
"oeob 474i",2
"oeob 37 tr",2
"ocfo conf",2
"oa 4th flo",2
"o 10.5",2
"o-18",2
"o-15",2
"nsd room",2
"nsc ofc",2
"nps pony s",2
"north law",2
"noeb 4th f",2
"nneob",2
"neoboa54",2
"neobcr40",2
"neob8116",2
"neob454",2
"neob3020",2
"neob roof",2
"neob rm #3",2
"neob lv1",2
"neob loadi",2
"neob healt",2
"neob elect",2
"neob cr54",2
"neob cc",2
"neob cafer",2
"neob 9026",2
"neob 8225",2
"neob 6002",2
"neob 5th",2
"neob 553",2
"neob 545",2
"neob 4220",2
"neob 3002",2
"neob 2nd f",2
"neob 2200",2
"nec 2nd fl",2
"navy mess/west wing",2
"nany mess",2
"mess dinni",2
"melwood of",2
"meg freshw",2
"meeting ro",2
"madison/h",2
"lunch room",2
"lower ww l",2
"lower leve",2
"lock shop",2
"library/52",2
"library 1s",2
"level b-1",2
"large coll",2
"jo handels",2
"jfk confer",2
"jf office",2
"jerry abra",2
"jackson p",2
"intel 304",2
"india trea",2
"ikess",2
"ikescafe",2
"ike",2
"holiday op",2
"hold room",2
"hold on ea",2
"gsa-electr",2
"gs",2
"grounds/po",2
"gift stor",2
"ge cyber r",2
"gcr",2
"g76",2
"g74/18cos",2
"g138",2
"g102 libra",2
"g028",2
"g-001",2
"florist sh",2
"ews rm 13a",2
"ews rm 120",2
"ews powe",2
"ews peoc",2
"ews and we",2
"ews 7 (pro",2
"ews 7",2
"ews 13a",2
"ews 120",2
"ews (power",2
"ews #21",2
"ewpeoc",2
"ew213",2
"ew207",2
"ew102 / me",2
"ew10011",2
"ew010",2
"ew/east ga",2
"ew/book se",2
"ew/204",2
"ew social",2
"ew rm 208;",2
"ew medical",2
"ew family",2
"ew 21fl",2
"ew 209 a",2
"ew 206/ wh",2
"ew 201",2
"et2",2
"eob 206",2
"eob 104a",2
"engineer s",2
"eeob60a",2
"eeob445",2
"eeob240",2
"eeob230b",2
"eeob160",2
"eeob111",2
"eeob105",2
"eeob/sca",2
"eeob/gift",2
"eeob ww 01",2
"eeob tso",2
"eeob sms s",2
"eeob rm18",2
"eeob rm 9",2
"eeob rm 54",2
"eeob rm 4",2
"eeob rm 37",2
"eeob rm 0",2
"eeob gym",2
"eeob electrical rm",2
"eeob cr 55",2
"eeob cor",2
"eeob and w",2
"eeob air o",2
"eeob 85",2
"eeob 74a",2
"eeob 74",2
"eeob 72",2
"eeob 64",2
"eeob 596a",2
"eeob 489",2
"eeob 479",2
"eeob 4747",2
"eeob 473",2
"eeob 471",2
"eeob 446",2
"eeob 422",2
"eeob 402",2
"eeob 400",2
"eeob 3a",2
"eeob 399",2
"eeob 333",2
"eeob 33",2
"eeob 300",2
"eeob 297",2
"eeob 273",2
"eeob 272",2
"eeob 237",2
"eeob 230 b",2
"eeob 230 &",2
"eeob 2262",2
"eeob 221a",2
"eeob 218 a",2
"eeob 201/212",2
"eeob 1st/2",2
"eeob 193",2
"eeob 185",2
"eeob 164",2
"eeob 16",2
"eeob 148",2
"eeob 146",2
"eeob 142",2
"eeob 134",2
"eeob 126",2
"eeob 117",2
"eeob 11",2
"eeob 106",2
"eeob 018",2
"eeob 015",2
"eeob #430",2
"eeob #18",2
"eeob-233",2
"eeeob rm 5",2
"eeeob 200",2
"eeeob 183",2
"eddie lee",2
"ebbr",2
"eat room",2
"eastwing",2
"eastw rece",2
"east wing,",2
"east rom",2
"east exuti",2
"eaast wing",2
"e216",2
"e10",2
"e.executiv",2
"dpc front",2
"dpc",2
"dnsa haine",2
"dip room/",2
"dcos offic",2
"dakota",2
"cr442",2
"cr 4000",2
"cos/eeob",2
"corridors",2
"command ce",2
"cf 545",2
"basement n",2
"basement l",2
"badge offi",2
"backlobby",2
"b236",2
"b213",2
"b101",2
"b1 level",2
"b014",2
"b-235",2
"aus 230a",2
"atrium & c",2
"athletic c",2
"aso",2
"apnsa offi",2
"air ops",2
"a6213",2
"a14 north",2
"9th fl com",2
"9808",2
"97/physici",2
"97 (medica",2
"9335",2
"925",2
"9235b",2
"9208.0",2
"92058",2
"9123",2
"9013.0",2
"8g",2
"8236h",2
"8222.0",2
"82116",2
"8201.0",2
"8200",2
"8115",2
"8026.0",2
"80130",2
"79.0",2
"74 gift s",2
"7392",2
"7225",2
"7114",2
"7:30",2
"699",2
"6935",2
"658",2
"6525",2
"65 eeob",2
"6325",2
"62847",2
"6202.0",2
"6111",2
"6101.0",2
"609b",2
"6016",2
"6005",2
"591a",2
"58807",2
"57539",2
"57215",2
"5565",2
"5545",2
"5501",2
"536.0",2
"5326",2
"530bc",2
"530b",2
"527",2
"5236c",2
"5235c",2
"5235.a",2
"5230c",2
"5225",2
"52181",2
"5218.0",2
"521",2
"52023",2
"512a",2
"512",2
"509.5",2
"507",2
"5028",2
"50202",2
"5002.0",2
"498a",2
"494",2
"492d",2
"4802",2
"4800",2
"479c",2
"474indian",2
"4712",2
"469a",2
"463b",2
"450abc",2
"4500",2
"450 south",2
"450 eeob",2
"446",2
"445 eeob",2
"431",2
"430a/b?c",2
"430 ac",2
"426 eeob",2
"425q",2
"423.0",2
"4220 neob",2
"4218.0",2
"4217",2
"4215",2
"42111",2
"421.5",2
"4206",2
"413.7",2
"4114",2
"411.0",2
"4106",2
"4101",2
"402a",2
"4022",2
"401 eeob",2
"4005",2
"4 fl",2
"3820",2
"381`",2
"380",2
"374/sms su",2
"374 sms sm",2
"37 eeob",2
"367 eeob",2
"357",2
"3350",2
"335",2
"3235",2
"3211",2
"320a",2
"32022",2
"3201 and 3",2
"316 eeob",2
"3107",2
"308 526",2
"304 o5",2
"3027",2
"3022",2
"302 a",2
"3018",2
"3016",2
"301",2
"3002 neob",2
"3001 pent",2
"30/ikes",2
"2nd flor w",2
"2nd floot",2
"2nd",2
"294",2
"276 (vp ce",2
"273.5",2
"246.0",2
"242b",2
"239.0",2
"238 eeob",2
"23.4",2
"227b",2
"226.0",2
"226 sb",2
"2230",2
"2221",2
"221a",2
"2211/neob",2
"2211.0",2
"212a",2
"211b",2
"2118",2
"210 ew",2
"210-a",2
"208b",2
"2065",2
"203b",2
"202.0",2
"2009",2
"2001",2
"1st fl lou",2
"193.0",2
"180b",2
"165a",2
"1500",2
"150",2
"13a east w",2
"132 (ww)",2
"122.0",2
"115.0",2
"115 eeob",2
"112b",2
"1116",2
"1100",2
"107a",2
"1070",2
"1047",2
"10244",2
"10240",2
"10228",2
"102 (east",2
"10114",2
"101013",2
"10026g",2
"10025g",2
"10025.0",2
"10018",2
"10016",2
"10012",2
"1001",2
"10007c",2
"100026",2
"100007",2
"100 (east",2
"10.5",2
"1.0",2
"1 & gift s",2
"074- gift",2
"059 eeob",2
"037/truma",2
"027 didla",2
"026b",2
"019/ul",2
"016",2
"015/eeob/w",2
"014 eeob",2
"010",2
"001",2
"(ww) amb.",2
"wwvps of",1
"wwvp offi",1
"wwsr",1
"wwspeech",1
"wwsit roo",1
"wwpress b",1
"wwoffice",1
"wwob 79",1
"wwgl and e",1
"wwgf nsc p",1
"ww2nd flr",1
"ww2flr",1
"ww2floor",1
"ww212",1
"ww2 floor",1
"ww2 fl",1
"ww1st floo",1
"ww106",1
"ww_mess",1
"ww?rooseve",1
"ww/whsr la",1
"ww/wh/mess",1
"ww/wh situ",1
"ww/ward",1
"ww/south l",1
"ww/sdr",1
"ww/rosevel",1
"ww/roosvel",1
"ww/private",1
"ww/palmroo",1
"ww/oval ro",1
"ww/opso of",1
"ww/office",1
"ww/nsa off",1
"ww/nec hud",1
"ww/mess (n",1
"ww/man",1
"ww/lower f",1
"ww/kitchen",1
"ww/grounds",1
"ww/first f",1
"ww/eeo/neo",1
"ww/e102",1
"ww/dpc sui",1
"ww/dining",1
"ww/briefin",1
"ww/basemen",1
"ww/73",1
"ww//lobby",1
"ww/ wh mes",1
"ww/ navy m",1
"ww/ lower",1
"ww/ cos",1
"ww whsr jf",1
"ww whsit r",1
"ww whco",1
"ww wh me",1
"ww west",1
"ww wardroo",1
"ww uper su",1
"ww trade r",1
"ww tour +",1
"ww sched a",1
"ww photo office",1
"ww pebble",1
"ww ovp",1
"ww outer o",1
"ww ola",1
"ww ness",1
"ww nec hud",1
"ww nec conf room",1
"ww navy mess",1
"ww mess/ew",1
"ww mess an",1
"ww lower s",1
"ww leg aff",1
"ww grounf",1
"ww groundf",1
"ww groud",1
"ww grond f",1
"ww gound f",1
"ww gound",1
"ww gorund",1
"ww gflhom",1
"ww g fl",1
"ww frist f",1
"ww first d",1
"ww exec di",1
"ww drivewa",1
"ww dining room",1
"ww chief o",1
"ww basment",1
"ww basement",1
"ww amb. ri",1
"ww 4th flo",1
"ww 3rd",1
"ww 3nd flo",1
"ww 2nd lfo",1
"ww 2nd fll",1
"ww 2nd fl.",1
"ww 2n fl",1
"ww 2n d fl",1
"ww 224",1
"ww 222",1
"ww 221",1
"ww 2 couns",1
"ww 1st fll",1
"ww 1dt flo",1
"ww // lobb",1
"ww / whsr",1
"ww / wh me",1
"ww (2nd fl",1
"ww & eeob",1
"ww - 1st f",1
"ww-the ova",1
"ww-rr",1
"ww- roosev",1
"wt2",1
"wounded wa",1
"work order",1
"wmhu",1
"wing wing",1
"whtv",1
"whst",1
"whsr west",1
"whsr sms s",1
"whsr small conferenc",1
"whsr smal",1
"whsr (smal",1
"whmu welln",1
"whmu ew",1
"whmu eeob",1
"whmo offic",1
"whmo green",1
"whmo dir.",1
"whmo cmd s",1
"whmo admin",1
"white navy",1
"white medi",1
"whco offic",1
"whcc truma",1
"whcc",1
"whar sit r",1
"whac2008",1
"wh130",1
"wh/sit roo",1
"wh/sca",1
"wh/eeo/neo",1
"wh ww",1
"wh ward rm",1
"wh sr ww",1
"wh south g",1
"wh situation room",1
"wh sit rm",1
"wh rosseve",1
"wh recepti",1
"wh pantry",1
"wh nm",1
"wh mess`",1
"wh mess w",1
"wh mess e",1
"wh mess and",1
"wh mess (n",1
"wh medical",1
"wh med uni",1
"wh library",1
"wh lawn",1
"wh house m",1
"wh floor 1",1
"wh first f",1
"wh dining",1
"wh 1st flo",1
"wew/oval",1
"westwingdi",1
"westwing/g",1
"wests wing",1
"westexec.",1
"west. wing",1
"west womg",1
"west wingl",1
"west wing.",1
"west wing office",1
"west wing navy mess",1
"west wiing",1
"west wgin",1
"west exect",1
"west basem",1
"west =wing",1
"wesr wing",1
"wes wing",1
"wardroom w",1
"ward rom",1
"ward rm",1
"war room",1
"w16 / eeo",1
"w/execut",1
"w.lobby",1
"w.exec pro",1
"w. execu",1
"w. exec",1
"w exec dr",1
"w exec ave",1
"w 2nd floo",1
"vpsuite",1
"vps ww off",1
"vp officde",1
"vp cermoni",1
"vistors of",1
"visitors c",1
"visitors",1
"venner",1
"veg. garde",1
"valerieja",1
"usss badge",1
"ushres off",1
"upper west",1
"travel and e",1
"tr532",1
"tr 532",1
"tour ww",1
"tina tchen",1
"thetre",1
"the oval o",1
"tennis cou",1
"sws",1
"sutie 5200",1
"suth court",1
"suite 3202",1
"suie 5200",1
"ste 5200",1
"stateflorr",1
"state park",1
"state libr",1
"stat place",1
"staffsecre",1
"ssb22",1
"sow236",1
"sow234",1
"sow room",1
"souza ww g",1
"southport",1
"southct",1
"south lwn",1
"south lawm",1
"south grounds",1
"south fenc",1
"south cout",1
"south court audi",1
"south auth",1
"south",1
"sourt cour",1
"sour court",1
"slawn",1
"situtation",1
"sit",1
"simass of",1
"shanks",1
"secureid o",1
"secure",1
"scourt aud",1
"sb236 depo",1
"sb2222",1
"sb22",1
"sb 234",1
"sb 229",1
"sb 223 plu",1
"sb 223",1
"sb 221",1
"sate place",1
"sate floor",1
"sac",1
"sa",1
"s.grnds.",1
"s.c. audit",1
"s. auditor",1
"s c audito",1
"s auditori",1
"s",1
"rsidence",1
"royal crow",1
"rotus",1
"roosebelt",1
"roomn #528",1
"room91",1
"room88",1
"room1",1
"room#359",1
"room# 434",1
"room eeob",1
"room 99",1
"room 80",1
"room 8",1
"room 76",1
"room 7",1
"room 62",1
"room 595",1
"room 536",1
"room 528",1
"room 524",1
"room 480",1
"room 45",1
"room 430ab",1
"room 4206",1
"room 4202",1
"room 400",1
"room 38",1
"room 3202",1
"room 302a",1
"room 260",1
"room 26",1
"room 25 an",1
"room 242",1
"room 233",1
"room 230",1
"room 2211b",1
"room 215",1
"room 204",1
"room 180 a",1
"room 16",1
"room 111",1
"room 1/bow",1
"room #roos",1
"room #482",1
"room #468",1
"room #466",1
"room #13",1
"room # 94",1
"room # 68",1
"room # 320",1
"room # 202",1
"room # 13",1
"roof for a",1
"rooesvelt",1
"rm176",1
"rm.474",1
"rm.18",1
"rm. g102",1
"rm. 528",1
"rm. 5200",1
"rm. 374",1
"rm. 350",1
"rm. 2211b",1
"rm o20",1
"rm o15",1
"rm 98",1
"rm 84",1
"rm 72 a",1
"rm 56",1
"rm 550",1
"rm 55 heal",1
"rm 5",1
"rm 445",1
"rm 443",1
"rm 430",1
"rm 428 eeo",1
"rm 361 r",1
"rm 333",1
"rm 330",1
"rm 308",1
"rm 3001",1
"rm 300",1
"rm 265",1
"rm 25 eeb",1
"rm 2 (eeob",1
"rm 18 eeob",1
"rm 16",1
"rm 15 eeob",1
"rm 135",1
"rm 13",1
"rm 1/navy",1
"rm 08b",1
"rm #25",1
"rm # 5200",1
"residnence",1
"residenc4",1
"residen",1
"research l",1
"resdince",1
"res/so grd",1
"res. clini",1
"reginld di",1
"reggie lov",1
"records",1
"presslobb",1
"pres lobby",1
"ppr gcr",1
"ppr 3007",1
"power sect",1
"potus/stat",1
"potus/sout",1
"podesta of",1
"pmo office",1
"plumbing s",1
"piv card",1
"picture ro",1
"pickup on",1
"pick up ea",1
"phycians",1
"photograph",1
"photo/stat",1
"photo/resi",1
"paulettes",1
"passport o",1
"parking/st",1
"parking",1
"painter 30",1
"ovpwest w",1
"oval/west",1
"oval/resid",1
"oval ofiic",1
"outer voal",1
"ospo",1
"opso",1
"ope office",1
"ooo",1
"oldfamily",1
"oe0b 037",1
"ods office",1
"ods confer",1
"oa service",1
"o76",1
"o19 baseme",1
"o14 eeob",1
"o10.5",1
"nw//2nd fl",1
"nw entranc",1
"nw ellipse",1
"nw",1
"nsc suite",1
"nsc press",1
"nps mainte",1
"not applic",1
"northhall",1
"north/ sou",1
"north west",1
"north grounds",1
"north gro",1
"north grio",1
"noeb 7026",1
"ng04",1
"neov eater",1
"neobsb226",1
"neoboa400",1
"neob5013",1
"neob450",1
"neob400_4",1
"neob3015",1
"neob steam",1
"neob rm s",1
"neob rm 42",1
"neob rm 30",1
"neob ppr",1
"neob mess",1
"neob med u",1
"neob g001",1
"neob eatry",1
"neob data",1
"neob cr40",1
"neob confe",1
"neob 9201",1
"neob 9025",1
"neob 9013",1
"neob 8222",1
"neob 7215",1
"neob 7202",1
"neob 5th f",1
"neob 5th c",1
"neob 525.3",1
"neob 5235",1
"neob 427",1
"neob 4200",1
"neob 417.4",1
"neob 4116",1
"neob 409.5",1
"neob 3rd f",1
"neob 324",1
"neob 3203",1
"neob 3200",1
"neob 3104",1
"neob 10th",1
"neob 10235",1
"neob 10221",1
"neob 10201",1
"neob 101",1
"neob 100",1
"neeob rm 3",1
"nec/ww 2nd",1
"nec west w",1
"nec 2nd f",1
"navy messs",1
"navy mass",1
"navy dome",1
"navt steps",1
"na",1
"n port",1
"munoz off",1
"milaide of",1
"mess/146",1
"mess west",1
"medical",1
"med/dental",1
"mcb 430",1
"mc",1
"mbk conven",1
"mason/pain",1
"mark schwa",1
"main dinin",1
"lwr press",1
"lowerpress",1
"lower/uppe",1
"lockshop",1
"lobby/oval",1
"lobby/gara",1
"lobber lob",1
"liubrary",1
"jumbotron",1
"john gallo",1
"jfk whsr",1
"jen psaki",1
"jeffs offi",1
"jarretts",1
"james kvaa",1
"itr (472)",1
"it help de",1
"ipc whsr",1
"indina tre",1
"indiantre",1
"indian trw",1
"indian tra",1
"india treaty room",1
"ikes30",1
"ikes rm 0",1
"ikes cafet",1
"ike?s cafe",1
"ike eatery",1
"ike's",1
"hq whmo ea",1
"housekeeping office",1
"housekeepers office",1
"halloween",1
"gw5",1
"guard desk",1
"gsa electr",1
"ground",1
"groslyn bu",1
"grnds",1
"grnd floor",1
"george 1st",1
"g54",1
"g52",1
"g50 gh g47",1
"g42",1
"g201",1
"g102/libra",1
"g102 / lib",1
"g 1",1
"front offi",1
"fords the",1
"flr 5200r",1
"flotus ofi",1
"florist",1
"floor 5200",1
"fitness ce",1
"fire alarm",1
"famil thea",1
"exr",1
"exec gym",1
"ewsebr",1
"ews whca",1
"ews rm 7",1
"ews pro o",1
"ews pbr",1
"ews com",1
"ews 221",1
"ews 206",1
"ews 20",1
"ews 121",1
"ews 10",1
"ewf 220",1
"ewf 202",1
"ewf",1
"ewbriefin",1
"ew296",1
"ew236",1
"ew199",1
"ew101",1
"ew10",1
"ew/whmo hq",1
"ew/whmo fr",1
"ew/whmo",1
"ew/wh rece",1
"ew/visitor",1
"ew/theatre",1
"ew/state f",1
"ew/power s",1
"ew/peoc",1
"ew/office",1
"ew/milaide",1
"ew/map roo",1
"ew/ebr in",1
"ew/comms c",1
"ew/210a",1
"ew/107",1
"ew/ south",1
"ew/ eber",1
"ew/ 211",1
"ew/ 206",1
"ew#102",1
"ew visitor",1
"ew sit rm",1
"ew s",1
"ew room 9",1
"ew room 54",1
"ew room 53",1
"ew room 52",1
"ew room 51",1
"ew room 50",1
"ew room 49",1
"ew room 48",1
"ew room 47",1
"ew room 46",1
"ew room 45",1
"ew room 44",1
"ew room 43",1
"ew room 42",1
"ew room 41",1
"ew room 40",1
"ew room 39",1
"ew room 38",1
"ew room 37",1
"ew room 36",1
"ew room 35",1
"ew room 34",1
"ew room 33",1
"ew room 32",1
"ew room 31",1
"ew room 30",1
"ew room 29",1
"ew room 28",1
"ew room 27",1
"ew room 26",1
"ew room 25",1
"ew room 24",1
"ew room 23",1
"ew room 22",1
"ew room 21",1
"ew room 19",1
"ew room 18",1
"ew room 17",1
"ew room 16",1
"ew room 15",1
"ew room 14",1
"ew room 11",1
"ew rm#211",1
"ew rm 13a",1
"ew rm 121",1
"ew rm 10",1
"ew peoc eb",1
"ew ola 112",1
"ew gfl",1
"ew g3 eeo",1
"ew floor 2",1
"ew er",1
"ew briefin",1
"ew 2ll",1
"ew 28",1
"ew 207",1
"ew 205",1
"ew 2006",1
"ew 13a/tec",1
"ew 121",1
"ew 12",1
"ew 112/nav",1
"ew 112 and navy mess",1
"ew 1097",1
"ew 103",1
"ew 102 and",1
"ew 100 vis",1
"ew #204",1
"ew-2-10a",1
"et6",1
"erin 530",1
"erb (ew sh",1
"eoeb 485",1
"eoeb 430",1
"eoeb 252",1
"eoc room 1",1
"eoc",1
"eob 68",1
"eob 441",1
"eob 361",1
"eob",1
"engineerin",1
"eng. mecha",1
"ellipse/st",1
"electrical",1
"eepb 430",1
"eeov 430",1
"eeoob 200",1
"eeon 229",1
"eeobg 450",1
"eeobb 430",1
"eeob69",1
"eeob66",1
"eeob63",1
"eeob307",1
"eeob269",1
"eeob265",1
"eeob236/ww",1
"eeob226",1
"eeob183",1
"eeob18",1
"eeob170",1
"eeob126",1
"eeob122",1
"eeob119",1
"eeob110",1
"eeob: sout",1
"eeob/wh me",1
"eeob/cafet",1
"eeob/507",1
"eeob/350",1
"eeob tur",1
"eeob treat",1
"eeob studi",1
"eeob situa",1
"eeob sc au",1
"eeob roon",1
"eeob rm. 5",1
"eeob rm o",1
"eeob rm 41",1
"eeob rm 31",1
"eeob rm 23",1
"eeob rm 20",1
"eeob rm 18",1
"eeob rm 01",1
"eeob print",1
"eeob post",1
"eeob picni",1
"eeob offic",1
"eeob o-59",1
"eeob medic",1
"eeob med u",1
"eeob lobbi",1
"eeob loadi",1
"eeob eoc #",1
"eeob eeob",1
"eeob eater",1
"eeob dnis",1
"eeob court",1
"eeob cafte",1
"eeob b010",1
"eeob a/b/c",1
"eeob 99",1
"eeob 97 me",1
"eeob 90",1
"eeob 8a",1
"eeob 86",1
"eeob 80",1
"eeob 76a",1
"eeob 571",1
"eeob 529a",1
"eeob 520",1
"eeob 4th f",1
"eeob 468",1
"eeob 461",1
"eeob 458",1
"eeob 448 (",1
"eeob 425",1
"eeob 424",1
"eeob 42",1
"eeob 419",1
"eeob 415",1
"eeob 413",1
"eeob 407",1
"eeob 405 a",1
"eeob 403 b",1
"eeob 403",1
"eeob 3rd f",1
"eeob 396",1
"eeob 382",1
"eeob 38",1
"eeob 376",1
"eeob 37 (b",1
"eeob 348",1
"eeob 347",1
"eeob 340ab",1
"eeob 3350",1
"eeob 334",1
"eeob 330/w",1
"eeob 328",1
"eeob 317",1
"eeob 3015",1
"eeob 301",1
"eeob 300a",1
"eeob 2nd f",1
"eeob 298",1
"eeob 290",1
"eeob 284 a",1
"eeob 27",1
"eeob 266a",1
"eeob 26",1
"eeob 254",1
"eeob 245",1
"eeob 21",1
"eeob 202",1
"eeob 190",1
"eeob 180 a",1
"eeob 164a",1
"eeob 150",1
"eeob 144a",1
"eeob 140a",1
"eeob 128",1
"eeob 127",1
"eeob 121",1
"eeob 120",1
"eeob 12",1
"eeob 097",1
"eeob 074",1
"eeob 065 a",1
"eeob 062/0",1
"eeob 054",1
"eeob 047",1
"eeob 020",1
"eeob 014",1
"eeob 01",1
"eeob (sout",1
"eeob #94",1
"eeob #7",1
"eeob #474",1
"eeob #25",1
"eeob # 18",1
"eeob - o18",1
"eeo/neo",1
"eeo b115",1
"eeo b 284",1
"eelb 111",1
"eeib 350",1
"eeeob 441",1
"eeeob 210",1
"eeeob 195",1
"eeeob 111",1
"eebo 368",1
"eebo 316",1
"eebo 230a",1
"eebo 170",1
"eebo 130",1
"eebo 124",1
"eeb 238",1
"eeb 207",1
"eastwing 2",1
"eastexecu",1
"eastexec",1
"east/west",1
"east. exec",1
"east womg",1
"east wing2",1
"east wing ebr",1
"east wing 212",1
"east wign",1
"east rece",1
"east exit",1
"east excut",1
"east 112",1
"east & wes",1
"ease execu",1
"e11",1
"e. wing 20",1
"e st.",1
"e exec dr",1
"e exec ave",1
"e 208",1
"drs offic",1
"dropoff o",1
"driver sta",1
"driver onl",1
"dr office",1
"dpc ww 2",1
"docs offic",1
"dipolmatic",1
"dental cli",1
"david sima",1
"data cent",1
"d8 storer",1
"curators &",1
"crown main",1
"credit uni",1
"cr493a",1
"cr neob oa",1
"cr 570",1
"cr 553",1
"cr 400 n",1
"cos west",1
"cos annex",1
"communicat",1
"cms offic",1
"chris john",1
"chiller ro",1
"chads off",1
"cecelia jo",1
"carstensen",1
"cafetreia",1
"cad",1
"cabinet rm",1
"cabinet",1
"cabenet rm",1
"cab room",1
"bsb confer",1
"brodericks",1
"breakout r",1
"bowlinig",1
"bowlingal",1
"bowling03",1
"bowling room",1
"bowlin all",1
"ben rhodes",1
"basement b",1
"base res",1
"b2garage",1
"b27/basem",1
"b27 res",1
"b221",1
"b209",1
"b200",1
"b2 paint",1
"b15",1
"b1235",1
"b113",1
"b 235",1
"b 212",1
"avrils off",1
"athletics",1
"athlectic",1
"andrew",1
"amb rices",1
"97.0",1
"97 bowling",1
"94 (med un",1
"9325",1
"9245",1
"9239",1
"9236b",1
"9236a",1
"9214",1
"9208f",1
"9205",1
"9140.0",1
"914",1
"9125",1
"9119",1
"9116`",1
"9108",1
"9105",1
"9104`",1
"910103",1
"9101",1
"910",1
"9026.0",1
"9023",1
"9016",1
"9014.0",1
"9004",1
"90026",1
"9000",1
"90",1
"8th floor",1
"8abowling",1
"8912",1
"83 ikes",1
"8263",1
"8225.0",1
"8213",1
"8203",1
"8194",1
"8116`",1
"8102",1
"8101.0",1
"81",1
"8028",1
"8019",1
"8018",1
"8014",1
"8000",1
"800",1
"76/gift sh",1
"7515",1
"746",1
"74/gift sh",1
"74 (store)",1
"7302",1
"7296",1
"7263",1
"7251",1
"7236 neob",1
"7232",1
"7231",1
"7230",1
"7228 neob",1
"7217.0",1
"7216",1
"7212",1
"72115",1
"7204",1
"7136",1
"7104",1
"7028",1
"7015",1
"7005",1
"7002.0",1
"700",1
"70/wh mess",1
"7-228",1
"69821",1
"69461",1
"6925",1
"69168",1
"69161",1
"68701",1
"67013",1
"66577",1
"66419",1
"6615",1
"66.0",1
"65603",1
"6535",1
"65073",1
"650",1
"64450",1
"63568",1
"63370",1
"63270",1
"63228",1
"6312",1
"6296",1
"62576",1
"625",1
"6225.0",1
"6224",1
"62225",1
"62125",1
"6211",1
"62003",1
"61732",1
"61337",1
"6116.0",1
"6116 neob",1
"60265",1
"60256",1
"6015",1
"60101",1
"60025",1
"6",1
"5th fl sui",1
"5th fl su",1
"599.0",1
"595a",1
"594b",1
"594 b",1
"592a",1
"581",1
"563",1
"561",1
"558",1
"554 or 553",1
"5534",1
"5525",1
"551a",1
"5512",1
"5510",1
"5508",1
"549",1
"54836",1
"54202",1
"540",1
"54/innovat",1
"536 neob",1
"536 230a",1
"534a",1
"5325",1
"5313",1
"5281",1
"528/librar",1
"526/librar",1
"525.29999999999995",1
"5237a",1
"52357",1
"5227a",1
"5223",1
"52182",1
"5213.0",1
"5208b",1
"52088",1
"5206",1
"5204",1
"52035",1
"52033",1
"5203 b",1
"5201",1
"52006",1
"52000",1
"5200 tr 53",1
"5200 503",1
"518.20000000000005",1
"5162",1
"516.2",1
"515.29999999999995",1
"514",1
"513.1",1
"5118",1
"5114",1
"51113",1
"511",1
"509",1
"505.2",1
"505",1
"5045",1
"504",1
"50379",1
"5031",1
"5023",1
"5018",1
"5013`",1
"5013.0",1
"5012",1
"501.2",1
"5008.0",1
"5001 and 9",1
"50008",1
"5:15",1
"4th flr",1
"4th flchi",1
"4th fl",1
"4th and 5t",1
"4th",1
"499a",1
"494b",1
"492b",1
"492 conf r",1
"492 a",1
"486.0",1
"483 eeob",1
"48202",1
"481.0",1
"481 and 40",1
"480.0",1
"479.0",1
"479 eeob",1
"474/treaty",1
"474/indiai",1
"474 / ite",1
"473?",1
"4723a",1
"4600",1
"458b",1
"4567",1
"455 a",1
"450a",1
"450.0",1
"450 neob",1
"449a",1
"445b",1
"4444",1
"442a",1
"4429",1
"4420",1
"4412",1
"4410",1
"4400",1
"43b/c",1
"437b",1
"437a",1
"432`",1
"432 eeob",1
"430b/x",1
"430/bc",1
"430 b c",1
"430 a b an",1
"430 a b &c",1
"427.0",1
"4225 tes",1
"422.0",1
"4212",1
"421.3",1
"4208 neob",1
"42028",1
"417.0",1
"416.5 4th",1
"416",1
"4125",1
"4121",1
"412.5",1
"412 a",1
"4112",1
"41116",1
"411.3",1
"411 a",1
"4109",1
"4103",1
"40bc",1
"4094",1
"405.3",1
"403c",1
"403a",1
"4026",1
"402.2",1
"4011",1
"4004",1
"4000`",1
"3rd flr ne",1
"398",1
"395",1
"3939",1
"393.0",1
"393 whit",1
"386 eeob",1
"385",1
"374 (sms)",1
"373021",1
"371",1
"3678",1
"363",1
"361 eeob",1
"352",1
"3501",1
"3500",1
"350 eeob",1
"3496",1
"345",1
"344.0",1
"337",1
"333/334",1
"3320",1
"332",1
"32o2",1
"3236",1
"321",1
"3208",1
"3204",1
"32025",1
"3202.0",1
"3202 neob",1
"3202 gcr",1
"3202 (conf",1
"3201/court",1
"3201.0",1
"312.0",1
"312 eeob",1
"3104 neob",1
"3052",1
"3017/whmo",1
"3015 neob",1
"3013",1
"30001",1
"30/ikes ca",1
"30 ikes c",1
"30 b/c",1
"30 / ike's",1
"2nd f;loor",1
"2flww",1
"2b",1
"299",1
"284 a",1
"280ew",1
"28025",1
"278.0",1
"269.0",1
"268a",1
"2610",1
"2526",1
"2500",1
"25 eeob",1
"2485",1
"243 eeob",1
"2402",1
"2401",1
"240.0",1
"238a eob",1
"236b",1
"236.0",1
"236 eeob",1
"233b",1
"233/240",1
"232/037 bo",1
"2315",1
"230v",1
"230 b/c",1
"228/230a",1
"228 eeob",1
"225a",1
"2236",1
"22121b",1
"2211_b",1
"2211/cafet",1
"2211 eate",1
"2211 cafe",1
"2210",1
"2208",1
"2205",1
"220 east w",1
"218a",1
"215.0",1
"2112",1
"211 (east",1
"210/ew",1
"209, east",1
"209 a",1
"208a",1
"208`",1
"208.0",1
"207 ew",1
"206 es",1
"206 ebr",1
"206 east",1
"206 (east",1
"204c",1
"2048",1
"202b",1
"2019",1
"2013",1
"2010/212",1
"2007",1
"2006",1
"2005",1
"2003",1
"1st flr ba",1
"1st fl rea",1
"1st fl",1
"197.0",1
"19102",1
"191.0",1
"18a",1
"180.0",1
"18.0",1
"18 badge o",1
"18 badge",1
"171a",1
"170 eeob",1
"15th & e s",1
"15 & e",1
"1470",1
"145 eeob",1
"144 b",1
"143.0",1
"13a (east",1
"13803",1
"135b",1
"134.0",1
"1330",1
"131",1
"130 and ww",1
"126.0",1
"124.0",1
"1234",1
"12/14/12 1",1
"12 and 47",1
"117",1
"116a",1
"112 eeob",1
"111b",1
"1112",1
"110a",1
"1080",1
"107 b",1
"105.0",1
"10421",1
"1036",1
"1035",1
"1032",1
"10270",1
"10255",1
"10254",1
"1025",1
"10241",1
"10236h",1
"10234",1
"10232",1
"102236",1
"102221",1
"10222",1
"10219",1
"10216",1
"10212",1
"10211",1
"10210",1
"10203",1
"10202.0",1
"10136",1
"1013",1
"101.0",1
"10078",1
"1007",1
"10060",1
"10054",1
"10052",1
"10022",1
"10021",1
"10017",1
"10013",1
"10011",1
"10010",1
"10001/1000",1
"100002",1
"10:00am",1
"1:00",1
"1/24/83",1
"1.5",1
"094 eeob",1
"090",1
"08b eeob",1
"08b 010",1
"089 lower",1
"082 eeob",1
"08",1
"06a",1
"062 044",1
"05565 sui",1
"047 gsa fi",1
"037/truman bowling",1
"037/indian",1
"030 cafete",1
"025/032",1
"020 baseme",1
"018 and 01",1
"015eeob",1
"015/059",1
"015 eeob",1
"007",1
"0-59",1
"`130",1
"`115",1
"#70",1
"#461",1
"#428",1
"#3202",1
"#18 pass o",1
