Visitee Last Name,n
-,4
#CTC,3
& ID,2
1,2631
18,2
A,6
A.,12
A. Field,4
Abate,4
Abbott,19
Abdelnabi,134
Abdelrahim,8
Abdulaleem,5
Abenes,3
ABERCOMBIE,2
Abercrombie,303
Abercrombie & Eileen Laubacher,3
Abercromie,2
Abraham,61
Acevedo,3
Achanata,1
Ackerman,66
Acosta,44
Acosta Garcia,27
Adair,24
Adame,232
Adams,22
Addison,4
Adhar,11
Adiga,4
Adler,1
Admete,29
Admin,1
Adury,45
Affairs,1
Agama,18
Aguilar,15
Aguilera,7
Aguirre,26
Ahmad,436
Ahmed,31
Aidinoff,9
Akbari,12
Akee,20
Akpa,8
Al-Asady,5
Al-Mohamed,5
Alagic,38
Alan Ferguson,3
Albanese,8
Albano,1
Albert,5
Alcorn,54
Alderman,54
Aldunate,5
Alec,1
Alex,8
Alexander,60
Alexander-Hoeppner,23
Alfaqih,11
Alfonso,66
Alisha,9
Aliyah,1
Allen,7
Aloisi,19
Alston,4
Alstott,27
Altenburger,3
Alton,18
Alvarado,2
Alvis,62
Amanda,17
Amanda Sloat,5
Amatos,60
Ambassador,1
Ambrose,62
Amidan,1
Amin,12
Amo,119
Amos,16
and,5
and FLOTUS,11
and ID,4
and SD Tiffany Eppelheimer,2
and SGOTUS,42
Anderson,63
Andrade,2
Andrew,1
Andrew Terhall,1
Andrews,10
Anello,1
Angha,1
Anim,14
Ann Castaneda,40
Ann Clark,1
Anne,8
Anne Neuberger,13
Anne Yamamoto,39
Anthony,2
Anthony George,3
Anthony Wilson,5
Antonio Araiza,1
Anzola,52
Apecechea,3
APNSA,6
Apreza,135
Aquirre,1
Araiza,36
Arceneaux,4
Arguello,1
armstrong,5
Armstrong,36
Arocha,13
Aron-Dine,8
Arriola Maurice,16
Arveseth,17
Asa,31
Asa Saldivar,1
Asante,2
Ashby,1
Ashworth,1
askins,1
Askins,19
ASKINS,6
Asset,2
Assets,2
Astudillo-Eterno,8
Atkinson,2
Aure,3
Austin,47
Averill,74
Avery,16
Awad,4
Awadallah,52
Ayar,5
Ayers,12
Ayres,4
B Deering,4
Babb-Brott,8
Babcock-Lumish,4
Baca,4
Backemeyer,9
Badge,1
Badge Office,4
Baertsch,1
Baez,54
Baez Alayon,166
Baez Gonzalez,16
Bagenstos,57
Bagia,73
Bahran,317
Bailey,25
Bain,23
Bains,36
Bair,63
Baker,197
Baker and Nia Page,60
Bakken,4
BAKKEN,12
Balc,158
Ballen,4806
Ballenger,6
Baltzan,2
Ban,12
Band,13
Bandyopadhyay,2
Banjade,5
Banks,18
Banner,4
Bar-Shalom,8
Barber,6
Barclay,1
Bargzie,30
Barkemeyer,3
Barkett,7
Barnes,56
Barnett,100
Barr,1
Barrett,28
Barringer,1
Barrios,51
Barrow,3
Bartee,28
Barto,17
Bartol,161
Barton,8
Bates,13
Bauer,25
Bawa,7
Baxley,4
Bayless,32
Bazan,5
Beamer,34
Bean,3
Beasley,14
Beatty,25
Beck,149
Becker,3
Beckwith-Stanley,3
Bedingfield,7
Bedregal,13
Beem,3
Beeman,4
Belkind,59
Bell,51
Bell-Carter,7
Beloved,93
Ben,2
Bencic,30
Bender,181
Bennett,18
Benson,245
Berengaut,10
Berent,95
Berg,31
Bergemann,4
Berger,77
Berman,10
Berna,1
Bernal,40
Berndt,27
Berner,2
Berney,12
Berni,167
Bernstein,149
Berotti,5
Berrios,6
Berry,110
Berschinski,239
Bershinski,6
Bersin,40
Beth,5
Beth Polley,11
Bhardwaj,4
bhat,1
Bhat,40
Bhatia,5
Bhattacharya,70
Bhatty,28
Biagi,19
Bibbs,5
Bibs,1
Bick,74
Biden,53
Bies,16
Bigelow,7
Billings,14
Billingslea,2
Billingsley,1
Binns,4
Birnbaum,2
Bishop III,1
Bitar,209
BItar,1
Black,287
Blackman,14
Blair,1
Blakemore,6
Blancaflor,29
Blanton,3
Blas,2
Blazek,66
Blinken,2
Blosser,9
Boadi,1
Boatman Patterson,2
Bobbsemple,1
Bocanegra,6
Bofill,1
Bokhari,26
Boland,207
Bolds,1
Bollerman,27
Bollinger,7
BON,4
bonavina,2
Bonavina,49
Bonner,41
Booth,18
Boran,2
Borges,25
botello,1
Botello,58
Bottoms,4
Bour,5
bouri,4
Bouri,173
Bousbar,147
Boushey,86
Bovee,2
BOVEE,1
Bowman,90
Boyce,28
Boyd,62
Bracey,9
Bracken,3
Bradbury,88
Braese,35
Brammer,1
Branch,16
Brann,73
Branson,7
Brant,3
Braun,6
Bravo,9
Bray,3
Bredow,3
Brennan,203
Bressler,16
Brethauer,13
Bretl,17
Brian,20
Bridge,15
Brigham,7
Brink,34
Brister,64
Bristol,538
Brittany,1
Brockbank,37
Brodrick-Okereke,1
Brody,3
Bronstein,32
Brooke,2
Brooks,52
Broomell,6
Brosius,148
Brough,58
BROUSE,1
Brown,624
Brown-Wilson,6
Browne,95
Bruce,1
Bryan,14
Brykczynski,7
Bucci,32
Bucevicius,19
Buchanan,28
Budzinski,1
Buencilla,5
Buenrostro-Avila,5
Buetow,15
Buffo,15
Buland,27
Bullard,14
Bullers,6
Bullock,1
Bumb,14
Bunn,13
Bunney,2
BURCIK,1
Burge,15
Burgess,18
Burgess-Greg,1
Burgess-Gregg,2
Burgette,32
Burkart,3
Burke,5
Burnett,42
Burnham,478
BURNS,4
Burstein,25
Burt,2
burton,8
Burton,97
Buser,4
Bush,4
Butash,92
Buterworth,2
butler,1
Butler,336
BUTLER,1
Butsick,13
Butterworth,27
Buttigieg,1
Byers,81
BYERS,924
Byon,48
Byrd,31
C.,2
C. Fraser,1
Caddy,22
Cade,2
Caesar,36
Cahill,5
Cahn,7
CALAMANTE,2
Calderone,1
Call,5
Callahan,11
Callanan,28
Camacho,1
Cameron,22
Campana,79
campbell,1
Campbell,255
Canavan,75
Candace,1
Candiaaranibar,5
Canfield,12
Cannizzaro,139
Cantu,1
Cara,4
Carabello,8
CARABELLO,2
Card Office,1
Cardenas,19
Cardona,64
Carey,3
Carlos E.,1
Carmichael,1
Carmon,94
Carnival,109
Carollo,25
Carpenter,17
Carr,602
Carrasquillo,177
Carreiro,27
Carroll,38
Carter,66
Carton,3
Caruso,46
Case-Scott,3
Casey,20
Casillas,83
Casimir,2
Casner,8
Casper,1
Cassell,2
Cassidy,1
Cassingham,48
Cassingham WHSR SDO,2
Castaneda,1
Castillo,158
Castlen,20
Castro,32
Cathren,9
Cavell,31
Cawkins,6
Cedarbaum,8
Cellini,20
Ceronsky,18
Cerrato,86
Cerrato/John,13
Cervantes,6
Chabba,7
Chabra,2
Chadha,13
Chafin,27
Chaifetz,1
Challacombe,9
Champion,3
Chang,94
chapman,5
Chapman,10
Charles,1
Charles Moore,1
CHARLES WALTERS,2
Charlesworth,18
Charlie,1
Chase,8
Chasez,11
Chatterji,27
Chaudhry,14
Chavez,31
Chavis,3
Cheema,32
Cheese,5
Chen,35
Cheng,11
Chesses,4
Chester,5
Cheung,18
Chew,1
Chhabra,1555
Chicarella,1
Chief of Staff,2
Childs-Graham,2
Chittenden,9
Chiu,114
Cho,41
Chojkier,105
Chon,78
Choucair,2
Chowdhury,7
Christensen,50
Christian,15
Christiansen,11
Christoher,1
Christopher,17
Christopher Cunniff,3
Chronister,5
Chua,5
Chung,17
Ciccarone,1
Cichocki,1
Ciecierski,13
Ciepley,18
Cipriani,5
Cisneros,35
Citron,54
Claman,5
Clare,7
Clark,61
Clarke,109
Clausen,4
Clavel,22
Clavin,2
Clemente,44
Clifford,3
Clinic,7
Clowney,4
coari,1
Coari,215
Cobarrubias,18
Cobb,15
Coblentz,1
Coburn,22
Coddington,14
Coffin,4
Cogdell,5
Cogen,17
Cohen,8
Col,2
Col Pallister,2
cole,1
Cole,152
COLE,13
Colella,1
Coleman,24
Coles,1
Coley,1
Collins,249
COLLINS,6
Collins/,9
Coloretti,71
Colton,136
Colvin,3
Comerford,12
Commerford,1
Commins,13
Compton,102
Condon,40
Conger,1
Conley,649
Connolly,21
Connors,1
Conover,1
Conrad,9
Conroy,21
Contractor,102
Control,6
Converse,2
Cooch,51
Cook,41
Cooper,56
Corbisiero,32
Corcos,66
Corrigan,7
Cortez,7
Corvin,12
Costa,24
Costello,15
Cotter,57
Cotthoff,6
Cotton,24
Courtney,9
COVID,5
coward,1
Cox,36
Coyle,13
Cramer,1
Crandell,32
Cranford,1
Cravaritis,9
Crawford,24
Creasap,3
Creedon,18
Cremisio,4
Cremmins,49
Cretesio,1
Crews,6
Crissman,4
Cristina Sanchez,1
Cristobal,5
Crittendon,3
Croce,23
Crocker,6
Crockett,24
Cronin,197
Cross,3
Crotty,14
Crouch,1
Crowder,152
Crowe,2
Crowley,1
Croxton,38
Crumbley,10
Crumbly,7
Crump,32
CT,10
Culea,22
Cullen,2
Cumming-Meininger,3
Cummings,75
Cunniff,23
Cupero,32
Cureton,13
Curtin,1
Curtis,2
Cusack,5
Cutri-Kohart,31
Cychosz,191
Czin,10
D-WHMO,6
D Askins,2
D.,2
D. Smith,1
Da Silva,3
Dahl,7
Dahlgard,1
Dahlquist,5
Dahn,9
Dailey,2
Dalal,6
Dalton,2
DAmbrosio,14
Damis,64
DAmore,5
DaNaujzia,2
DaNaujzia Carabello,39
Danberg,6
Danielle,10
Danielle Williams,2
DanielleMillones,1
Daniels,152
Dansky Bari,16
Daphnis,17
Daphnis/Dustin Brown,2
DArcangelo,24
Darrin,1
Darryl,1
Das,86
Daskalakis,11
Daux,3
Davenport,6
David,1
David D,1
Davida,62
Davila,3
Davin,119
Davis,169
Davis-Ba,4
Davis-Christian,4
Dawkins,20
Dayrone,14
Dayrone Henry,6
De,31
de los Santos,5
De Los Santos,15
De Puy,39
Dean,28
DeBlanc-Knowles,31
DeCesaro,522
Dechmerowski,2
Decker,94
Deeks,6
Deering,38
Deese,278
Deese/,7
deForest,1
DeForest,32
DeFrias,1
Deguzman,4
DeGuzman,7
DEHLER,7
Dela-Cruz,144
Delcoco,1
DELCOCO,3
DelCuadro-Zimmerman,22
Delery,21
Delmonico,2
Delrue,4
Demers,6
Deming,64
Demirdjan-Rivest,3
Demirdjian-Rivest,23
DeMots,19
Demps,3
Denaro,57
Denney,16
Dennie,6
dennis,1
Dennis,18
Dennison,43
Dent,10
Deora,33
Depaolis,6
DePaolis,33
DeParle,15
Derbes,3
Derfner,3
Dermody,1
DeRusha,61
Desch,146
Desk,1
Desroches,33
Deutsch,18
Deveau,2
Devermont,13
Dews,75
Dhongthog,20
Diaz,71
Dick,2
Dickerson,7
Dickson,346
Didlo,4
Dieckhaus,46
Dieckhause,71
Diedrick,6
Dien,234
Dietrich,175
Dimmick,10
Dinesh,28
Dingee,2
Dinkel-Smith,100
Dinsmore,5
Director,5
Directorate,1
dirksen,1
Dirksen,596
Dixon,2
DNSACET,4
Dnucan,2
Dodin,77
Doiron,97
Domino,4
Domnitz,19
Donaghey,1
Donahue,25
Donate,5
Donatelli,10
Donelson,8
Donilon,815
Donnell Cathren,3
Donohue,56
Donohue Papillon,5
Donovan,81
Dooley,12
Dorgelo,2
Doriott,2
Dornbush,213
Dorsey,64
Doshi,131
Dosunmu,3
Dotter,3
Doug McNair,1
Dougherty,14
Dover,6
Dowd,2
Downey,1
Downing,30
Doyle,543
Dragseth,118
Dragseth / Puneet Khan,21
Dragseth/Puneet Khan,1
Drake,25
Drew,5
Driscoll,28
droege,1
Droege,4
Droggitis,30
Duarte,10
DUARTE,2
Duax,7
DUAX,2
Dube,2
Dublin,6
Dubon,1
Dudley,8
Duffy,14
Dugas,71
Dukovich,4
Duncan,138
DUNCAN,2
Dunderdale,16
Dunn,57
Duplaga,3
Dupree,7
Duran,74
DURAN,11
Durante,6
Durga,5
durkovich,4
Durkovich,449
Duson,12
Dutan,9
Duval,20
DWIGHT,1
Dwyer,99
Dyer,3
Dyson,28
E TOZIER,2
E.,1
E. Roddy,5
Easter,3
Eastham,12
Ed Teleky,3
Edgerton,75
Edward,1
Edwards,89
Egbewole,66
Eggleston,4
Eglovitch,2
Ehrick,7
Eichner,241
Eisemann,91
Eisenhauer,12
El-Khouri,23
Elias,21
Elizabeth,39
Elizabeth Polley,2
Elizondo,3
Elledge,8
Eller,24
Ellis,12
Elmergawi,63
Elmore,6
Embree,3
Emhoff,1
EMHOFF,1
Emily Lapp,1
Emmary,2
Emory,2
Endicott,48
Eng,60
English,3
Ennis,223
Enriquez,3
Epner,96
Eppelheimer,28
Epstein,13
Erb,5
Ericka,1
Erwin,1
Escobar,3
Escobar-Alava,54
Escobar Alava,2
Eskenazi,19
Esko,4
Estrada,29
Eswood,49
Etienne,16
Etim,139
Eussen,20
Evans,217
Event,13
Everett,7
Everette,37
Everette Athena Glymph,4
Ewerdt,15
Ewing,54
F.,2
Fabina,28
Fabrycky,59
Faderin,14
Faezi-Marian,3
Fairchild,3
Fairfax,20
Fairweather,1
Fakory,10
Falasca,4
Falk Curtin,1
Fallon,2
Falvey,29
Fama,22
Farley,5
Farmer,21
Farnsworth,63
Farooqi,1
Farrar,63
Farrell,77
fasano,14
Fasano,349
Fazili,140
Feagans,54
Feasley,7
Feldman,38
Feldmann,40
Felker,3
Fenech,9
Fenton,23
Ferguson,5
Fernandes,3
Fernandez,5
Ferren,10
Feuerstein,24
Fields,13
Fields-Meyer,41
Figarella,1
Figueroa,320
Filipic,12
Filpi,3
Finch,1
Finer,971
Finer and Anne Neuberger,25
Finer and Liz Sherwood-Randall,16
Finer and Mike Pyle,17
Finer CoS Ried Acting SD Miller,2
Finkelstein,244
Finley,10
Finnegan,11
Finney,307
Fischietto,30
Fisher,100
FITZER,2
Fitzgerald,29
Fitzpatrick,93
Flaherty,46
Flegel,5
Fleites,1
Fleming,2
Fletche,1
Fletcher,8
Fleurence,69
Flickinger,4
Floor,1
Flores,4
Flotus,5
FLOTUS,1289
Flournoy,21
Foltz,4
Folwell,4
Fong,133
Fontanez,112
Fontenot,3
Forbes,1
Ford,12
Forni,1
Forrest,20
Forrester,21
FORRESTER,3
Fossett,41
Foster,4
Frances Repko,2
Franceski,13
Francis,2
Frank,15
Franklin,20
Fravel,29
Fredell,7
Freeland,1
Freeman,117
Freshwater,10
Fricchione,6
Frick,8
Friedersdorf,32
Friedlander,6
Friedler,4
Frisk,45
Fromstein,40
Fu,220
Fuchs,16
Fuentes Cruz,12
Fuka,27
Fuldauer,33
Fuller,25
Fulmer,19
Fumagalli,64
Funderburke,8
Furnagiev,9
Furukawa,21
Gabriel Galace,32
Gagner,3
Gahan,11
Gaines,33
Gainey,28
Galer,14
Gallegos,10
Gallishaw,8
Galvez,6
galvin,2
Galvin,30
Gammache,1
Ganahl,2
Gao,1
garcia,1
Garcia,111
GARCIA,21
Garden-Monheit,12
Gardiner,20
Garg,14
GARG,1
Gargeya,31
Garner,207
GARRETT,2
Garrett Hoffman,2
Garufi,2
Gary,21
Gaskins,29
Gastfriend,34
Gaynor,1
Geis,5
Geist,7
gelfond,41
Gelfond,155
Geller,6
Gelman,1
geltzer,2
Geltzer,274
Geltzer and Tiffany Eppelheimer,4
Gen Hoffman,2
Gendron,2
Gene,2
Gensmer,123
Gentleman,31
Gentry,30
Gerard,2
Gerheim,13
Germ,1
Gerwin,142
Gessesse,4
Gewirtz,6
Geyer,36
Ghaffarian,3
Ghavalyan,4
Ghua,4
Giammarella,20
GIAMMARELLA,3
Gibbs,20
Gibson,22
Gildea,3
Gilliland,2
GILLILAND,12
Gilmore,9
Giltner,1
Gimbel,34
Gina,2
Gingold,2
Gingrich,80
Ginn,5
Gins,1
Gionelly,781
Gleason,9
Glen,1
Glisson,10
Glisson Holly,1
Gliwa,35
Glock,44
Glymph,4
Goda,9
Goddard,195
Goel,3
Goepfert,6
Goff,20
Goffena,6
Gokay,1
Golden,47
Goldensohn,2
Goldizen,1
Goldman,96
goldstein,4
Goldstein,43
gomez,1
Gomez,2
Gomez-Martinez,10
Gonzales,62
gonzalez,1
Gonzalez,1178
Gonzalez-Rothi,43
Gonzalez/,1
Gonzalez/OMB,6
Good,86
Goode,1
GOODHUE,1
Goodman,10
Gordon,193
Gorman,90
Granholm,1
Grant,52
Grantz,2
Graves,5
Gray,15
GRAY,2
Grays,12
Greco,23
Green,411
Greenbaum,8
Greene,151
Greene & Chris McGuire,4
Greenspan,452
Greenstein,13
Greenwood,17
Griffin,38
Griffiths,13
Grigsby,12
Grippando,5
Grogg,23
Grosnicklaus,1
Grosser,57
Grossnicklaus,2
Groth,6
Groum,202
Grove,362
GROVE,1
Grube,21
Gruber,3
Gudicello,3
Guerra,27
Guerrero,11
Guerrero Lopez,12
GUGGENHEIMER,1
Guha,138
Guhin,6
Guillen,33
Gullion,137
gupta,4
Gupta,372
Gurler,28
Gursel,42
Gustafson,44
GUSTAFSON,36
Guy,3
Guyton,218
Ha,256
Haas,18
Hafeez,57
Hagan,2
Haggard,51
Haggray,128
Hahn,10
Haines,1
Hall,48
Haller,9
Hallett,53
Halpert,11
Halton,13
Hamilton,12
Hamlett/Edith,2
Hammer,21
Hammerschmidt,427
Hammy,2
Handa,6
Haney,3
Hanlon,53
Hanna,10
Hansen,121
Hansmann,2
Hanson,4
Hardin,69
Harding,49
Harleman,2
Harley,94
HARLEY,1
Harley/WHMO,1
Harmon,1
Harms,4
Harnly,75
Harper,68
Harrell,381
Harrington,83
Harris,242
Harrison,13
Hart,814
Hartje,27
Hartman,4
Hartmann,1
HARTUNG,21
harvey,1
Harvey,36
Hasaj,4
Hasan,69
Haskell,96
Hassan,78
Hatcher,3
Hathi,6
Haugh,35
Hawkins,52
Hayashi,3
Hayes,40
Haynes,12
Hays,8
Hazelgren,7
Healey,2
Healton,50
Hebbeler,74
Hebert,3
Hebner,285
Hecmanczuk,5
Hector-Bruder,15
Heerman,15
Heft,6
Hein,6
Helper,1
Henagan,38
Henderson,19
Hendrickson,1
Hendry,9
Hengstebeck,34
Hennessey,32
Henry,29
HENRY,2
Hensley,14
Hensly,10
HENSON,1
Hepburn,42
Herckis,16
Herman,12
Hermanowicz,10
Hernandez,2
Herrera,5
Herreraramirez,4
Hertel-fernandez,7
Hertel-Fernandez,7
Hervig,53
Herwig,99
HERZOG,1
Heskett,4
Hewitt,1
Hickey,7
Hicks,37
Hidalgo,31
higa roberts,1
Higgins,33
Hill,234
Hinderdael,22
Hindman,7
Hines,19
Hinson,17
Hinzman,5
Hirsch,28
Ho,107
Hoagland,2
Hoang,1
Hoch,23
Hochla,5
Hochman,38
Hochstein,8
Hodge,3
Hodges,4
Hoeck,5
Hoffman,9
HOFFMAN,1
Hoffmann,4
Hoffnan,1
Hogan,20
Holbert,8
Holbrook,3
Holden,104
Holly Glisson,2
Holm,1
Holmes,5
Holt,3
Hommel,4
Honan,2
Honeycutt,1
Hooks,36
Hoover,1
Hopkins-Ward,25
Hoppel,35
Horgan,20
Hormozi,6
Horn,157
Horncastle,25
HORNCASTLE,13
Hornung,10
Horton,37
Hosier,5
Houghton,1
Hourani,67
Hourani/Cara Abercrombie,2
House,42
House Pass Office,1
Houston,4
Howard,95
Howayeck,17
Howe,5
Hoy,3
HQ,1
Hsiang,2
Hsu,15
Hu,4
Huey,1
Hughes,58
Humes,28
Hungerford,1
Hunnicutt,29
Hunt,20
Hupp,11
Hurd,7
Hussain,8
Hussein,125
Hutchins,1
Hwang,12
Hyams,15
Ibrahim,4
ID,1
Iltebir,1
Infurchia,15
Inglis,62
Ingram,1
Interview,1
Iqbal,11
Iraheta,32
Irby,14
Irizarry,71
Irving,3
Isen,406
Islam,19
Isler,8
Israni,19
Iwai,3
Iway,1
Iwia,1
J Fenton,4
J.,32
J. Castlen,5
J. Michel,48
J.O.D.,1
Jacas,6
Jachimowicz,52
Jachowicz,11
Jacimi,29
Jackson,53
Jacob,54
Jacobs,49
Jacobson,41
Jacobstein,140
Jacquez,179
Jain,35
Jake,7
Jake Sullivan APPDNSA Jon Finer,1
Jake Sullivan POC Kemy Monahan,1
Jama,10
James,111
James Miller,2
Jamison,12
Jana,15
Jang,25
Janovitz,9
Jarmin,17
Jarvis,12
Jason,10
Jason Hines,1
Javaid,5
Jawahar,1
Jayna McCarron,3
Jean,2
Jeff,2
Jefferson,20
Jenkins,50
Jennifer Hall,1
Jennings,3
Jennings-Jones,25
Jerrolds,5
Jessica Parker,1
Jeter,2
Jha,33
Jill,2
Jim Miller,16
Joe Custodio,13
Joe Duplaga,1
John,13
John Kirby,11
Johnson,2047
JOHNSON,1610
Johnson-Billips,20
Johnson Russell,1
Johnson/Nina Srivastava,14
Johnston,1
Johnstone,15
Johnstun,80
Jon,22
Jon Finer,68
Jonas,3
Jones,230
Jordan,9
Jorgenson,17
Joseph,252
Joseph R. Biden,3
Joshua,4
Joshua Simmons,2
Joyce,263
Jozefowicz,41
Juan,1
Juarez,660
Juergens,93
Jung Shim,12
Jurinka,13
Juskys,2
Justen,2
Kaczor,6
Kagan,24
Kahangama,25
Kaiser,11
Kalathil,10
Kalbaugh,16
Kalina,21
Kalkay,5
Kallos,3
Kalogeras,1
KALOGERAS,2
Kaloudis,4
Kam,9
Kamin,6
Kanapathy,3
KANELLOS,12
Kara-Pabani,1
Karani,1
Karlin-Neumann,9
Karwoski,3
Kash,2
Kasper,16
Kassam,1
Kates,2
Katherine,1
Katherine Pasnau,16
Kathuria,2
Kaufman,2
Kavalsky,19
Kay,2
Kazhdan,3
Keating,6
Keefe,202
Keeffe,82
Keegan Alexis,2
Keene,31
Keeney,1
Keigher,12
Keith,19
Keith Gilchrist,1
Keller,19
Kelley,5
Kellogg,6
Kelly,274
Kelsey,39
kendall,9
Kendall,23
Kenly,4
Kennedy,48
kenon,1
Kenon,26
KENON,5
Kenon Lamb,4
Kent,72
Kenyatta,1
Kepler,1
Keppler,1
Ker,3
Keren,12
Kern,22
Kernitsky,21
Kerr,6
Kerrigan,33
KERRIGAN,1
Kevin,3
Kevin OConnor,11
Kevin Steele,1
Key,4
Khan,471
Khenchil,1
Khosla,16
Kidd,4
Kiel,53
kientzle,1
Kientzle,94
Kieve,3
Kikukawa,33
Kim,138
Kimmerling,7
King,10
Kinkle,16
Kinneen,5
Kirby,35
Kirkland,3
Kirsten Byrd,2
Kitching,10
Kitchings,7
Klain,9
Klain/Nina Sirvastava,6
Klaras,1
Klein,66
Klempic,35
Kletzien,4
Kline,2
kLING,8
Kling,139
Klinger,23
Klinger / Christina Segal-Knowles,26
Klinkhardt,39
Kluever,29
Knake,5
Knight,104
KNIGHT,1673
Knott,9
Kofron,25
Kogan,103
Koh,73
Kohnke,3
Koizumi,154
kolakowski,4
Kolakowski,121
Kondeti,10
Kone,28
Koniges,116
Kopp,3
Koroma,27
Koschewa,10
Kosobucki,1
Kosoglu,75
Kovatch,80
Kozey,6
KP Passa,4
Kraft,7
Krahel,1
Kraiger,7
Krasnick,18
Kratchman,1
Kreisberg,12
Krejsa,21
Kropp,1
Krueger,7
Krupkin,154
Kruse,4
Ku,11
Kuhlman,7
Kuk,5
Kumar,12
Kuncaitis-Wall,6
Kurt,1
Kuseski,15
Kwak,25
Kyle,1
Kyle Jaeger,2
L,1
L.,9
La,5
LaBelle,21
Labitzky,43
LaBovick,52
Lachman,41
Ladjevardian,10
Lady,4
Lafaele,7
Lagasse,1
Lagoudas,96
LaGoudas,34
Lainez,2
Lakhani,1
Lam,3
LaManna,25
lamb,1
Lamb,45
LAmb,1
Lambert,2
Lambinicio,1
Lamboni,6
Lambrou,25
Lamm,46
Lance Bottoms,15
Lanchantin,5
Lander,171
Landrieu,453
Landrieu / Anne Neuberger,4
Lane,1
Lang,652
Langley,1
Lara,1
Larance,295
Larimer,23
LaRosa,7
Larsen,34
Larson,1
Laskai,1
Laskowski,7
Lason,2
LaSorda,17
Latham,8
Latinis,8
Lattimore,1
Laubacher,105
Laurent-Mantey,52
Lauzen,2
Law,26
lawrence,1
Lawrence,1
Laws,12
Lawson,4
Laymon,16
Lazatin,7
Le,10
Leach,11
leaf,2
Leaf,351
Lebowitz,5
lee,15
Lee,163
LEE,95
Lee-Ashley,3
Leetmaa,13
Leggett,5
Leib,1
Leibman,1
Leighton,30
Leis,12
Leis Patricia,1
Leiserson,113
Leitner,44
Lena Lightfoot,1
Leon,21
Leslie,14
Levin,150
Levin and Kathryn Paik,3
Levin/Edgard,15
Levine,2
Levitt,1
Levock-Spindle,2
Levy,186
Lewis,79
LEWIS,12
Li,246
Liang,17
Libbey,6
Lieberman,7
Liebschutz,2
Liedel,4
Lien,6
Lightfoot,39
Lilac,1
Liljenwall,72
Lin,28
Linda,1
Linden,38
Lindenzweig,1
Lindquist,5
Lindsey,31
Liner,3
Linke,3
Linke Young,1
Linkins,16
Lion,20
Lipin,5
Lipton,3
Liscow,4
Lissner,66
Litsey,60
Little,19
Liu,66
Liz,6
Lizotte,4
Lloyd,92
Lo,11
Locke,3
Loewe,162
Logan,12
Long,6
Longley,2
Lopez,26
Lorick,23
Los,2
Loudermilk,2
Lourie,15
Love,5
Lovett,4
Lowe,84
Lubchenco,6
Lucas,2
Lucera,86
Lucius,2
Ludwig,331
LUDWIG,92
Luer,63
Luke,3
Luken,7
Lump,1
Lundegren,11
Luti,69
Luu,19
Lyles,5
Lyons,50
M,25
M.,66
M. Ludwig,2
Macdonald,5
Macdonnell,2
MacDonnell,2
Macgillivray,39
Machniak,3
MacIntyre,108
Mackey,3
macklin,1
Macklin,582
MacMaster,30
MacWilliams,6
Madden,6
Maddox,15
Maden,4
Magwood,1
Mahalingappa,17
Maher,662
Mahmood,1
Mahoney,3
Maia Silva,1
Maione,6
Maisel,60
Maju,1
Majumder,9
Makaneole,3
Makonnen,10
Malachowski,1
Maldonado,8
Maldonado Vazquez,9
maley,1
Maley,3
Mallon,4
Mallory,90
malm,1
Malm,21
MALM,1
Malphurs,6
Malzone,3
Mammen,39
Management Office,2
Manchin,1
Mann,9
Manners-Weber,15
Manning,11
Mansour,13
Manteghi,40
Mao,5
Marconi,1171
Marcu,11
Marcum,10
Marcus,1
Marda,48
Marie Carlton,1
Markell,11
Markham,8
Marootian,5
Marquez,10
Marrufo,7
Marsh,2
Marshall,196
Marston,15
Martel,145
Martin,280
Martinez,47
Martorana,12
Marx,1
Mason,4
Massaquoi-Gartman,1
Massaquoi-Gartmann,9
Massetti,34
Matheny,85
Mathes,20
Mathney,3
Mathur,14
Matos,5
Matthew,26
Matthew Strauss,4
Matthews,4
Mattson,2
Matza,22
Maugeri,55
Maurer,72
Maurice,344
Maury,31
Mauss,34
Maxwell Fuldauer,21
Maxwell Fulder,21
May,133
Maykish,3
Maynard,1
Mayock,5
Mazo,30
Mazon,6
Mazzeo,8
Mazzocchi,19
Mazzochi,16
MBOMA,1
Mbugua,7
McAnaw,1
McBean,14
McBroom,111
McCall,1
McCann,5
McCarren,13
McCarthy,340
McCarville,3
McClees,1
McClellan,3
McClung,1
McCool,15
McCormick,32
McCoy,18
McCrary,12
McCready,19
McCubbin,1
McDonald,10
Mceldowney,1
McEldowney,91
McElrath,24
McElwee,25
Mcfall,2
McFall,51
McFarland,3
McFarlin,11
McGann,21
McGinniss,2
McGowan,104
McGrath,10
McGuire,72
McGurk,834
McInnis,32
Mcintee,3
McIntee,455
McKay,261
MCKAY,2
McKelvey,157
McKie,5
McKinney,6
McLaurin,394
McLeod,106
McManus,23
McMillan,12
McMullan,18
McMullen,2
McNair,1
McNary-Bontrager,21
McNavage,14
McQueen,18
Mcready,1
McTear,2
McWilliams,1
Meadows,4
Meagher,6
Meaney,6
Mechenbier,19
Medina,11
Megan,5
Megna,24
Meier,35
Meilicke,2
mellul,3
Mellul,135
Melo,5
Meloski,136
Menard,5
Mendez,2
Mensah,2
Menzelos,30
Merani,50
Mercado,6
Mercer,101
Merriam,4
Merrill,14
Merriman,18
Merron,6
Metzler,15
Meyer,1
Meyers,1
Michael,38
Michael Sass,1
Michaels,16
Michel,262
MIchel,1
MICHEL,67
Michelson-Horowitz,24
Middleton,59
Mielke,2
Miguel,3
Mike Pyle,11
Mikulski,11
Mikulsky,6
Miles,26
Milich,6
Milici,8
Mill,43
miller,5
Miller,411
Millick,22
Milliken,17
millison,1
Millison,17
Millison/Kittle Evenson,2
Millone,1
Millones,631
Mills,1130
MILLS,502
MILLS / JASMINE BYERS,4
Mintz,27
Mireles-Beuze,79
Mirza,60
Mishory,9
Mital,75
Mitchell,33
Mittelstaedt,13
Mock,2
Mohammed,17
Mohamoud,44
Mohr,33
Molina,76
Molle- Carr,2
Molle-Carr,8
Moller,2
Molt-West,46
Monahan,30
Monchek,31
Moncton,11
Moniot,1
Montalvo,1
Monte,6
Monteiro,4
Montelongo,25
Montgomery,5
Montoni,3
Montoya,31
moon,2
Moon,52
Moore,106
Morales,27
Moran,6
Morell,6
Moreno,6
Moreno-Mendez,6
Moreno Zepeda,20
Morgado,33
Morgan,102
Mori,19
Moriarty,3
Moritsu,1
Moritsugu,820
Morris,16
Morrison,31
Morrissey,22
Morse,30
Mortelmans,1
Morton,10
Moses,5
Moten,1
Mott,1
Mounce,16
Mourtos,52
Mouton,31
Moyer,8
Moylan,29
Moynihan,17
Mpanju,1
Mudd,3
MUGGLEBURG,1
Mujumdar,18
Mullaley,30
Mulrooney,32
Mulugheta,19
Mun,1
Munoz,19
Muraleetharan,44
Murphy,18
Murray,277
Mushnick,62
Music,4
Musiowski,1
Musni,1
Musser,2
Muzurovic,74
Myers,32
Myklegard,88
N.,73
Naab,9
Nacin,51
Nadeem,150
Naeem,1
Nakagawa,54
Nakajima,11
Nalls,4
Nally,37
Nancy,3
Narajno,1
Naranjo,29
"NARANJO",6
Narayanan,42
Nassif,27
Naulin,8
Nayyar,1
Neal,12
Nee,3
Neelakantan,107
Neff,1
Negatu,32
Negron,21
Nelson,1333
NELSON,140
Nemeroff,82
Nerenberg,30
Netburn,14
neuberger,24
Neuberger,750
Neuman,74
Newbold,12
Newby,18
Newcome,8
Newhouse,21
Newman,3
Newton,523
Neyman,68
Ngugi,29
Nguyen,194
NGUYEN,13
Nice,50
Nicole,8
Nicole Harley,1
NicoleFAsano,1
Nielsen,19
Nightengale,58
Nikki,2
Nimely,2
Nishiura,1
Nissen,4
Nnadi,6
Noble,32
Nolan,1
Novick,5
Nsor,9
Nudelman,167
Nukuna,5
Nunez,10
nurnberg,1
Nurnberg,107
Nusraty,22
Nyarko,12
Nydam,26
Nye,7
Nygaard,13
Nyirandutiye,60
O'Malley Dillon,2
oakar,1
Oakar,82
Oakes,2
Oates,6
OBrien,161
Ocampo,1
OConnell,23
Oconnor,4
OConnor,17
Odom,4
ODonnell,40
of,2
office,24
Office,177801
Office-,1
OFFICE,132
Office Personnel,7
OFFICE ROOM 18,2
OFFICE/APPOINTMENT,1
Office/USSS,5
Officer,1
Ogan,25
Oglesby,10
Ogren,25
Ojeda,21
OKane,26
Okolo,39
Okunubi,48
OLA MTG.,28
Olavarria,7
Olinger,150
Oliver,39
Olorunnipa,1
Olson,17
OMalley,33
OMalley Dillon,89
Omotowa,3
on,1
Ondusko,3
ONeal,9
ONeill,5
Onstott,7
OPE,34
Ops,1
Orero,7
Orlando,2
Oroza,1
Orphanides,3
ortega,4
Ortega,565
Ortiz,31
ORTIZ,4
Orton,3
Orvis,21
Osburn,22
OShea,32
Ostazeski,4
Ostermiller,15
Oswald,18
Ou,66
Outman,9
Overmann,12
Owens,16
Owusu,2
Oxley,1
P.,1
Pablo,13
Packer,9
Padilla,2
Paez,2
Page,167
Page and Trey Baker,1
Paiewonsky,106
Paige,1
Paik,10
Paje,13
Palacios,5
Palat,4
Palder,21
Palermo,85
Paley,55
Pallister,12
Palmer,27
Palomino,3
Pangelinan,19
Panigrahi,11
Panjabi,114
Pantangco,23
Panzarella-Tarr,153
Papermaster,13
Pappa,21
Parent,6
Parikh,101
Paris,24
Park,18
Parker,92
Parra,11
Parriott,21
Parsons,87
Pascal,27
Pascua,28
Pasquantino,27
Pass,6
PASS,2
Pass & ID,1
Pass Office,4
Passa,104
Passerello,6
PASSOFFICE,3
Pastore,20
Patchin,503
Pate,9
Patel,106
Pathak,38
PATHAK,1
Patrick,6
Patterson,78
Patton,110
Paul Turney,1
Pauloski,2
Pauls,1
Pauwels,3
Pearce,4
Pearl,1
Peck,5
Pedersen,25
Pedrotty,10
Pelton,18
Pena,10
Pendleton,2
Penninger,1
Perez,81
PEREZ,1
Perez-Davis,11
Perez Fernandez,104
Perozo,30
Perron,2
Perry,118
PERSONNEL,5
Pestel,55
Peters,20
Petersen,47
Petes,11
Petit,80
Petrelius,37
Petro,4
Petty,1
Petz,5
Phadke,1
Pham,11
PHARAPHAN,6
Phaup,8
Phil,1
Phil Gordon,6
Philip,124
Phillips,157
Phonharath,60
PIAB,6
Pica,12
Picarelli,59
Pichardo,1
Pickitt,16
Pidot,20
Pierce-Wrobel,3
Pigulski,12
Pilch,101
PIONEER,448
Pipan,10
Pipan/Kristina,1
Pisha,13
Pitelka,6
Pitzer,9
Place,2
Placitella,30
Plagenza,5
Plamondon,5
Plat,481
Platts,8
PLAYMAKER,1
Pless,6
Plumlee,1
Po,17
Poddar,7
Podesta,281
Poese,2
Poethig,70
Pohl,91
Policicchio,13
Policy,1
Poling,6
Polk,96
Pollock,2
Polly Irungu,7
Pool,1
Pope,9
Pope-Johns,4
Posada,49
Pothen,1
Potter,1
potus,318
Potus,51
POTUS,38649
Pough,172
Pourmorad,17
Powell,199
POWELL,9
Powers,72
PPR,3
Prabhakar,47
Pratt,59
PREBECK,5
President,31
President and Dr Biden,1
President and Dr. Biden,1
Presman,75
Pressely,4
Preston,3
Price,40
Primeggia,4
Princeton,3
PRINCETON,1
Prine,6
Print,46
Prisyazhnyuk,6
Pritcher,3
Pritchett,101
Prosser,1
Provet,190
Prude,4
PRUDE,1
Psaki,40
Pugliese,19
Punchak,26
Purcell,13
Puri,37
Purtell,9
Purvis-Rogers,5
Putnam,2
Pyle,220
Pyper,1
Qadir,52
QAdir,1
Qasim,5
Qu,146
Qualls,10
Quam,5
Quaranto,34
Quaye,8
Quillian,2
Qureshi,332
R,1
R.,63
R. Maugeri,4
Rabens,38
Rabuck,5
Radzimoski,3
Rafi,11
Ragan,76
Rager,2
Raghavan,77
Raisner,3
Raizk,4
Raj,1
Raj Panjabi,10
Rajgopal,20
Rajwanshi,29
Rajyagor,5
Ramadan,22
Ramamurti,48
Ramos,1
Ramoutar,6
Ramzanali,65
Randall,1
Rapp-Hooper,90
Rastegar,536
Rathbun,1
Rauch,4
Rault,19
Ravindranath,17
Ravindranath Jesse Bernstein,3
Raviv,12
Raymond,15
Raymundo,12
Reagan,2
Reals,3
Rebecca Lissner,4
reclears,4
Recordon,47
Redden,103
Reddy,174
Redlinger,1
Redmon,37
Redmond,23
Redoble,6
Reed,80
REed,1
REED,59
Reeves,2
Regino Perez,2
Reid,3
reilly,1
Reilly,783
Reina,36
Reinold,20
Remus,34
Renaud,7
Renner,51
Renzulli,25
Reolfi,8
Reposa,183
Resch,14
Response Team,83
Resto-Rivera,6
Restrepo,9
Retana,6
Reyes,1
Reynolds,197
Reynoso,9
Rezaeerod,21
Rhinebeck,7
Rhodes,1
Ribaudo,6
Ribeiro,33
Ricchetti,238
Rice,16
Rich,1
Richards,129
richmond,1
Richmond,266
Ricks,3
Ricky Smith,1
Rico,33
Ridgeway,10
Ried,180
Ried and Katie Tobin,2
Rienzi,13
Riggan,52
Riggs,10
Riikonen,79
Riley,2
Ring,181
Ringelberg,36
Rinkevich,5
Rioja-Scott,30
Rios,10
Ripoll Balet,13
Rissman,32
Ritner,2
Rittenberry,1
Rivera,249
Rivero,26
Roane,6
Roberson,16
Robert,2
roberts,38
Roberts,149
Roberts-Ashby,1
Robertson,16
Robinson,60
Rodbell,6
Roddy,1
Rodenbush,16
Rodriguez,1060
RODRIGUEZ,1
Rodriguez Ron Klain,3
Rodriguez/VPOTUS,13
Roe,7
Rogal,1
Rogers,74
ROGERS,1
Rogozinski,5
Rohde,1
Rohrhoff,51
Roman,102
Romancky,5
Romanik,1
Romano,53
Romero,8
Room,2
Rooney,6
Rosanna,3
Rose Conroy,2
Rosenbaum,5
Rosenberg,106
Rosenberg/COVID,1
Rosenberger,175
Rosenbloom,5
Rosenzweig,21
Rosier,8
Ross,220
ROSS,9
Roth,3
Rottman,2
Rouault,13
Rouleau,5
Rouse,95
Rowe,23
Roytman,1
Rozenblat,4
Rozo,83
Rubin,4
Rubini,5
Rubio,10
Rudenshiold,84
Ruffin,3
Ruiz,73
Russell,77
Rutberg,44
Ryan,86
Ryner,3
S.,2
S. Brown,1
Saavedra,10
Saba,290
Sackett,28
Sacks,149
Saenz,21
Safford,2
Sagawinit,7
Sahl,8
Saindon,23
Salazar,25
Salber,24
Saldivar,30
Sallee,18
SALLEE,2
Saltiel,7
Salvatera,1
Samaras,17
Samples,98
Sams,29
Samuels,28
Sanchez,282
Sanchez-Velasco,19
sanchez garcia,1
Sanchez Garcia,192
Sanders,156
Sanders-Ware,1
Sanderson,11
Sands,8
Sandy,7
Sanford,50
Sanicki,25
Sanjines,3
Santana,106
SANTANA,1
Santiago-Moreno,61
Sanuetta,1
Saoifanua,2
Sara,2
SarahJane,3
Sare,17
Sass,39
Sasso,11
Satkowiak,76
Sauber,13
Sauter,6
Savary,54
Savett,24
Sawak,47
Sawyer,36
Sayed,4
Scanlon,3
Scatliffe,2
Schaefer,19
Schaffer,425
Schechter,309
Scheidegger,4
Scheidler,8
Schenk,43
Scheyer,1
Schikore,21
Schildroth,145
Schillaci,14
Schlichtenmyer,1
Schmidt,5
Schmitt,55
Schmoyer,213
Schneider,123
Schonau,2
Schory,3
Schubel,16
Schulkin,60
Schultz,54
Schumacher,1
Schuster,11
Schwab,1
Schwartz,4187
SCHWARTZ,353
Schwarz,4
Schwegman,2
Schweinsberg,35
Sciannameo,1
Sciretta,3
Scott,180
Scott-Clayton,1
Scully,27
SDO- Zirulnick,1
SEA - CMSgt Antonio Araiza,1
Sebes,11
Sec,2
Secret Service,1
Secretary,2
Secreto,11
Section,3
Security,42
SECURITY,2
Security/USSS,2
Sedlock,6
Segal-Knowles,20
Segura,7
Self,32
Sengupta,46
Senior,2
Sermeno,30
SERMENO,2
Service,2
Seth,1
Sethi,6
Seymour,56
Seymour/Jeff,5
SG,1
SGOTUS,1
Shackleford,5
Shafer,6
Shah,99
Shahmohammadi,3
Shambley,3
Sharbatoghlie,3
Sharfman,23
Sharma,57
Sharp,81
Shaul,145
Shaw,39
SHAWN,1
Shawna,3
Shea,5
Sheard,11
Sheehan,19
Shelby,119
Shen,11
Sheng,1
Sheonath,6
Sherman,1
Sherwood,4
Sherwood-Randall,198
Sheth,1
Shields,6
Shigetomi,21
Shim,1
Shimer,26
Shirley,3
Shon,5
Shot,2
Shroyer,15
Shubat,57
Shull,93
SHUMAN,5
Shurleff,2
Siddique,25
Sidhu,1
Sidler,28
Siegel,35
Siegert,41
Sierawski,60
Sierra,11
Sierra-Zorita,53
Sierra Zorita,40
Sigmon,5
Sigworth,6
Silva,407
Silverberg,11
Sim,25
Simcock,21
Simha,1
Simmons,50
SIMMONS,1
Simms,32
Simons,13
Singer,47
Singh,138
SINGH,1
Singla,16
Siniard,6
Sinkinson,1
Siordia,40
Sisaye,4
Siskind,11
Sivinski,1
Sizemore,1
SIZEMORE,1
Skiles,3
Skillman,60
Skillman/Mike,1
Skinner,1134
Slack,77
Slater,57
Slaughter,14
Slevin,49
Sloane,21
Sloat,342
Slosser,3
Smallcomb,217
Smith,398
SMITH,14
Snider,3
Snipes,1
Snopek,39
Sobieraj,168
Sokoler,27
Sokolov,3
Sokolowski,87
Solomon,62
Solow,40
Somani,34
Songer,34
Soohoo,58
Sookdeo,40
Sopko,328
Sorce,2
Sorelle,4
Sorota,2
South,1
SOUTH,1
Southers,5
Sowder-Staley,7
Spadola,2
Spavins,3
Spence,11
Sperling,31
Spicer,75
Spiegel,6
Spinner,2
Spishak,6
Spittell,5
Spivak,56
Spooner,28
Spreyer,23
Spriggs,13
Sreekumar,26
Srivastava,434
St.,58
Staats,17
STAFF,1
Stalcup,3
Stalker-Lehoux,2
Stambaugh,223
Stancil,3
Stanley,4
Stanwich,180
Starfield,54
Starkey,5
Starks,30
Staton,6
Stauffer,11
Stavish,2
Steele,109
Stein,7
Stephen Fichter,6
Stephens,1
Stern,16
Stewart,123
Stewart Gloster,15
Stewart/Morgan,2
Stich,7
Stiefel,224
Stienstra,48
Stinnett,4
Stires,11
Stirks,2
Stith,1
Stoffers,13
stofko,1
Stofko,17
Stohs,5
Stolt,2
Stone,1
Stoneman,2
Stonick,49
Storey,4
Storm,222
STorm,2
Stosz,6
Strasser,245
Strauss,4
Stripling,25
Strittmatter,7
Strompf,161
Stubbs,10
Stupak,79
Sturgill,9
Su,20
Suarez,11
Suh,38
Sukut,4
Sullican,1
Sullivan,1013
Sulmeyer,15
Sultoon,30
Sumar,10
Sundaram,26
Suntoke,3
Svenstrup,32
Swan,15
SWAN,8
Swaner,38
Swann,42
Swanson,42
Swarens,4
Sweeney,23
Swenson,3
Switch,2
Sydor,29
Sykes,183
Szestak,168
szymanski,1
Szymanski,115
T,3
T.,1
Taber,32
Tahan,62
Takeo,4
Talbot,21
Tam,161
Tama,50
Tamaroglio,11
Tanden,45
Tanielian,135
Tanilian,1
Tansey,1
Tapetillo,212
Tapia Pimentel,49
Tardiff,7
Tarre,10
Tatel,6
Tatham,2
Tatum,1
Taylor,935
team,1
Tederick,25
Teets,3
Teitelbaum,105
teleky,30
Teleky,6888
Teller-Parikh,13
Temiquel,6
Tenggardjaja,1
Terhall,6
Terrell,34
Terrence,6
Terrence McMillan,4
Terry,2
Terry Babcock-Lumish,9
Terry Babcock-Lumish Executive Secretary,11
Terry Babcock Lumish,1
Terry Babock-Lumish,1
Teshome,28
Tessier,3
Thomas,82
Thomas - USSS Badge Office,1
Thomas WHMO Security,1
Thompson,371
Thomson,14
Tiao,5
Tibayan,29
Tibbitts,63
Tiehen,5
Tiffany Eppelheimer,7
Tilden,1
Tillett,14
Tillson,27
Tirabasi,1
Tirabassi,6
Tisdale,1
Tkach,56
Toal,1
Toan,3
Tobar,2
Tobin,273
Todd,20
Todoroff,10
Toledo,15
Tolle,36
Tolliver,140
Tom,19
Tomasini,10
Tomaszewski,21
Toon,43
Topper,3
Torian,2
Torres,1
Torres-Ramirez,21
Tortora,57
Tour,2
Toves,15
Tracey-Mooney,24
Tracey Mooney,37
Trahan,1
Trainor,43
Tran,13
Traver,9
Traykov,5
Trimble,4
Trivett,3
Trocola,4758
TROCOLA,37
Trott,4
Troxler,9
Tsai,30
Tudose,8
Tufro,137
Tuleja,24
Tull,17
Tung,5
Turley,2
Turner,19
Turney,4
TURNEY,1
Tuzun,2
Tyehimba-Rufai,63
Tyler,6
Tyler Ray,2
Tyrrell,2
U-O,3
Uberoi,102
Ubinas,23
Udalova,5
Udomratanavasi,47
Underwood,205
Unit,1
Unpingco,91
Upadhyaya,64
Usher,5
Uzo-Okoro,103
V. Lopez,1
Va,17
Vaddi,133
Vaddi/Terry Wolff,2
Vadhan,25
Vahlsing,74
Vahlsing and Arpit Garg,8
Vahlsing and Liz Carr,6
Vahsling,5
Vail,111
Vaillancourt,4
Vaingankar,77
Valdes-recio,1
Valdes-Recio,10
Valdez,5
Valdivia,31
Valle,2
Vallejo,1694
VALLEJO,2
Valverde,7
Van Hook,29
Vance,1
Vandenberg,8
vankeuren,32
vanKeuren,1
Vankeuren,3
VanKeuren,3
VanLandingham,88
Vargas,191
Varghese,7
Varricchio,37
Varshney,19
Vartanian,31
Veeravalli,55
Vela,126
Velasquez,1
Vellajo,2
Velz,60
Velz/Vice,6
Venkatasubramanian,5
Venkatraj,43
Venker,20
Venook,22
Venson,61
Ververis,17
Via,4392
Vice,1
Vid,2
vidinghoff,1
Vidinghoff,25
Vidrine,42
Vigil,113
Villaltaarias,6
Vina,35
Vinall,6
Vinson,2
Vinton,33
Viray,2
Visit,1
VisitorsOffice,55
Viswanathan,59
Vito,6
Vivanco,47
Vivirito,35
Vo,19
VO,30
Vogelstein,13
Vogt,3
Volek,5
Voles,19
Volin,51
Vollbrecht,5
Voorde,210
Vorhies,3
VP,10
VPOTUS,2019
Vu,6
Vyas,27
W Osburn,1
W. Duncan,22
W. Martin,3
Wade,91
Wagenseller,14
Wagman,52
Wagner,10
Waite,13
Wakatsuki-Chong,12
Waldeck,8
Walden,44
Waldman,74
Waldon,1
Waldow,96
Walker,82
Wall,127
Wallace,14
Walsh,5
Walters,1
Wamsley,22
Wang,3
Ward,226
Ward Liz Molle-Carr,2
Wardell,15
Ware,1
Washburn,15
Waterman,1
Waters,8
Watley,5
Watson,28
Waugh,2
Waxman,8
Wayner,7
Weand,35
Weather,10
Weaver,27
Webb,73
Weber,2
Webster,31
Week,17
Weiner,18
Weiss,1
Weisshaar,37
Weissman,83
Weister,5
Welch,269
Wenger,64
Werner,5
Wessel,356
West,58
Westbrook,2
Westling,1
Wexler,33
Weyand,2
Wham,17
Wheaton,19
Whelehan,1
Whitaker,1
White,91
White-Newsome,4
Whitehair,74
Whitehead,8
Whitehill,4
Whiting,23
WHMU,5
Wickett,9
Wickramatilake,27
Wiedorn,1
Wiener,16
Wilcox,2
Will,8
William,10
William Tyrrell,1
Williams,163
Willoughby,36
Wilson,186
Windle,32
Wineland,11
Winkelmann,5
WINNING,1
Winslow,44
Winters,5
Wise,29
Wisner,21
Withers,19
Wittenberg,8
Wixtead,58
Woehr,52
Wojton,5
Wolbert,11
Woldemariam,48
Wolf,52
Wolff,137
Wolgast,15
Wolinetz,4
Wollam,7
Wolosky,2
Womack,30
Wong,49
Wood,90
Wood/Francis Collins,7
Woodard,3
Woodberry,22
Woods,3
Woods III,1
Woolfolk,1
Woolwine,16
Wren,2
wright,2
Wright,281
Wrighthashim,6
Wu,75
Wyatt,5
Wyman,8
Wynne,28
Yagan,59
Yallowitz,38
Yang,66
Yau,1
Yazzie,14
Yeaton,11
Yemisi,1
Yesnik,23
Yestrumskas,18
Yi,63
Yonkeu,28
Yost,3
Young,419
Yu,13
Yudelson,9
Yun,1
Yupari,7
Yuzon,2
Zaatar,37
Zachary,6
Zagaroli,36
Zahorian,1
Zaidi,161
Zaikouk,34
Zamor,15
Zamos,4
Zapotoski,11
Zarek,123
Zaslavsky,54
Zavala,7
Zeigler,44
Zelikoff,76
Zepeda Sanchez,10
Zepedasanchez,2
ZepedaSanchez,11
Zepf,1
Zhang,2
Zhong,166
Zhu,57
Zielewski,2
Ziemer,1
Zients,47
Zimskind,202
Zirulnick,11
Ziskend,54
Zitomer,5
Zorita Sierra,1
Zubatkin,16
Zuluaga,51
Zunker,1
NA,13830
